date,temp,humidity,wind_speed,pressure,precip
2020-01-01,18.52810469193533,82.00078604183612,6.957475968211479,1024.2044659960072,0.005104849109549926
2020-01-02,13.486685453899772,89.8466590235318,7.532237059715557,1010.4706173011974,0.02526741095365885
2020-01-03,16.866291566521443,80.59652309725823,5.887726465490851,1014.6683716368714,0.33452218381668497
2020-01-04,15.153031526770144,87.02435948142559,4.251056618039588,1014.3759915778816,0.05214318863920729
2020-01-05,10.582044636355041,83.22069908333351,6.7288723977190115,1009.2891748979678,0.010908241630308499
2020-01-06,15.193533184491816,80.16278758514365,7.925480894896809,1020.6751456455959,0.04595479727292359
2020-01-07,16.34091182586818,81.78422899624128,3.2244285047397745,1003.0960176588803,0.06961078011333702
2020-01-08,16.552853514331954,77.54244675197445,2.828398809048744,1016.1986799746774,0.0
2020-01-09,14.275681790998464,72.71055935674958,1.5874596187499748,1022.753876976159,0.3954497380609053
2020-01-10,16.264140281663465,78.80717341721075,5.897275054981077,1008.037851141707,0.0
2020-01-11,13.485135746698871,78.64070073405136,3.2090668776126487,1014.9345124892964,0.0
2020-01-12,19.121691022810364,77.3529000153405,5.8507867969393,1012.8601440826511,0.042847850128343565
2020-01-13,15.782400811324264,77.76109576940262,3.655079104448098,1011.2022341922973,0.0
2020-01-14,15.86917146691685,78.8373693645437,6.239602126645628,1021.9558423060496,0.0
2020-01-15,15.572130931293014,79.68172801663971,6.4581811243550735,1013.6449145537871,0.0
2020-01-16,15.87687102009765,81.24277499428243,3.018193435684833,1018.0894002485865,0.0
2020-01-17,17.096476511086312,79.52700826023171,2.669700318433287,1017.5041324347709,0.08287578801083674
2020-01-18,21.572207388862008,86.77723996041361,2.108928836765614,1014.8858030555413,0.25522817049857616
2020-01-19,20.40677138888219,78.14792733554619,2.858494756978915,1018.2722586346557,0.11809222047688277
2020-01-20,20.087814301397138,77.6667146025963,6.947197424562295,1014.0364138621738,0.0679382928973068
2020-01-21,18.396229037382774,87.75569881978612,5.25382418540724,1015.0099468172235,0.005139599813653514
2020-01-22,18.054614040843894,78.97408352135898,7.0616318953390635,1006.615055064871,0.0
2020-01-23,16.35099861867841,88.30093415630995,4.1727620384805055,1009.2627259427962,0.034388847060356
2020-01-24,21.905087687967587,87.77066756574979,7.5827558411113145,1019.5034813575122,0.006461050279169177
2020-01-25,18.47887315015697,82.32956774432772,6.894503935547496,1012.2249495345459,0.11408975637323986
2020-01-26,18.00030566128378,79.67021293859965,5.444519803477417,1015.1759148378069,0.6265393734039725
2020-01-27,20.08060698781557,72.5330297297167,5.596476348412112,1019.6319294834351,0.0022870029327696634
2020-01-28,19.86801514382318,75.77404782827371,8.48050692187587,1011.1795661210926,0.1512772735675894
2020-01-29,18.095670560137876,80.41765838714184,3.651334678685248,1013.1591527913718,0.0
2020-01-30,18.465129937526186,71.65824661588817,5.395285276292286,1015.0694998832128,0.0
2020-01-31,20.72976892692306,71.92648024327968,2.017484814588789,1015.1969585063226,0.22213481977014005
2020-02-01,21.515157079280392,88.64088709013161,8.128205159457249,1016.0555185493286,0.0
2020-02-02,17.60234125263246,74.73362739795265,4.863516789350737,1021.5667136082468,0.0
2020-02-03,16.757494133546906,73.70295465835645,3.1436816308595743,1020.4536095847951,0.0
2020-02-04,19.528288230291587,86.31877570585632,6.898841613851522,1013.437756206926,0.4139652671549505
2020-02-05,21.969436254595884,70.82597786763993,3.445306688475764,1018.5796922706154,0.0
2020-02-06,23.18406231924261,77.8656349297886,6.841717647561638,1014.5936382647151,0.0
2020-02-07,19.847955067847987,78.68418793420112,5.216699097526358,1014.308342384437,0.0
2020-02-08,19.47794937280358,72.42368329029195,4.088934992965314,1013.0873957951253,0.0
2020-02-09,17.419298961922074,69.97170608838557,1.475922229922145,1011.5568839041492,0.03837856587615042
2020-02-10,19.145556330044872,75.70395708628816,3.5208740072173734,1020.7150729770336,0.03333782502326797
2020-02-11,20.822234817418405,73.74158315869776,0.5632784868721732,1012.0824856049892,0.23206358427817753
2020-02-12,23.159927284850117,79.11404879391003,9.32647189856138,1019.682639747182,0.27684962704906657
2020-02-13,19.74930111065337,70.76633600808833,5.414151148109216,1015.6173151359465,0.10378287226027542
2020-02-14,23.150790724431854,66.44737027381714,4.951347751202129,1009.3098454539715,0.3294023981740937
2020-02-15,21.290086658671093,78.39080076272373,6.043975459210795,1018.9862993242898,0.15737614370605035
2020-02-16,23.689222147035697,71.71845399970343,3.1111074881634995,1010.9497515339873,0.35079498153136535
2020-02-17,21.388647915757623,56.229627169349754,2.3136865393908983,1020.1275306330638,0.0
2020-02-18,21.42697828034767,75.95970314980109,1.9184059711107504,1013.3163099710017,0.0
2020-02-19,21.084179723815414,78.98624228743797,4.661685497716169,1009.1804316388625,0.0
2020-02-20,21.497335132752188,75.11823014888138,2.6876351363561746,1016.90599050855,0.004565772323268935
2020-02-21,24.90939762498924,73.65618220261118,3.119292915569253,1017.647971641966,0.0
2020-02-22,22.53719735553384,71.01925706269628,4.381974061905756,1004.6199809683501,0.06497413930019443
2020-02-23,20.73138769709354,77.1583144908883,2.6815873504543233,1010.8173145367863,0.10537454918625998
2020-02-24,23.297517208388324,70.36697620239285,6.383077502140373,1016.47374571828,0.0
2020-02-25,25.59343254808648,62.76194403880877,3.4076283216705034,1005.9972936632522,0.0
2020-02-26,22.022137456123126,71.142009372488,1.1274403883069861,1013.9438929839691,0.0361667491390789
2020-02-27,23.543417659444227,72.9486059616877,4.852153068705093,1010.5324121437473,0.02133842809551248
2020-02-28,27.318008672846172,72.78302302655926,3.69518283522596,1011.045233124062,0.0
2020-02-29,23.69454429694578,75.06900393879499,7.037482873800362,1012.425505729861,0.011360421946555156
2020-03-01,22.203539887189248,77.92931351379747,5.572687377784559,1016.0442191723772,0.07027137780672801
2020-03-02,25.9772232165119,66.08797724301783,2.412731441811918,1016.3851340576492,0.0
2020-03-03,28.366750446810315,64.35007572161663,4.728100598643358,1018.6844568130135,0.25339426154251987
2020-03-04,26.35381790001024,70.83092032514097,5.797171453665694,1007.7341281002646,0.0008219453811861149
2020-03-05,23.683485374338346,65.64055305866184,6.332766164063829,1010.6964010630572,0.0
2020-03-06,23.761159110555614,70.59862544281766,4.227942457942345,1006.8470344165974,0.2149188317446291
2020-03-07,23.802735008689478,73.8107364458031,2.746348382486513,1009.3466112356758,0.045312253758026375
2020-03-08,22.702226550695237,67.51543398001138,3.3837678895181256,1009.4054452715204,0.0
2020-03-09,24.758745592614225,63.33803357563812,2.685289481618293,1011.4385387443715,0.05182175864284726
2020-03-10,24.857873595526605,67.44554977380521,3.0346006393647076,1008.9792014202908,0.058620331404329346
2020-03-11,25.88487824303445,61.23456157569592,0.3183444759934817,1016.0315976217969,0.030897968921972177
2020-03-12,26.410706422982212,61.64584103573334,1.389464744075787,1007.4890195654218,0.12640873848795203
2020-03-13,23.080288652214062,60.436454678768996,4.118154735414818,1011.5982225240774,0.251496832691354
2020-03-14,26.02098312558256,60.87588560414436,5.108947699294192,1012.4786068388834,0.16347023791790433
2020-03-15,23.03406041810617,58.66304934365907,7.729063696204943,1009.5527540772503,0.0
2020-03-16,24.22046343155918,59.19896227094429,6.713866351037881,1010.5300282705904,0.0
2020-03-17,26.05431367476322,65.20909038682734,6.863696748228607,1014.6998249190063,0.23169116604976592
2020-03-18,26.361816438246283,70.07514238592455,3.478105409297365,1012.5728434120546,0.0
2020-03-19,24.205537477936268,58.882257052815724,5.5608834106325915,1008.0343819453522,0.0
2020-03-20,21.327711971944943,65.98254086247161,6.7638699081393785,1014.025065438595,0.002211131130133881
2020-03-21,21.416853063851583,65.78543401639192,0.48887154119562126,1007.887465781822,0.0
2020-03-22,20.908881764255206,63.815045810425225,5.897437764215511,1001.5921816349967,0.08886772897564434
2020-03-23,26.0080749796452,62.057812199486925,4.293136502485602,1004.9176290567449,0.0
2020-03-24,27.444097220369763,58.81583219440354,7.044606406166746,1020.5393795778406,0.07396980963584698
2020-03-25,23.72491422033335,56.91010034793381,6.533326363290172,1014.7814640873614,0.028455669627744345
2020-03-26,26.022083933273006,50.891320996383335,4.312765487475233,1012.6602823408598,0.0
2020-03-27,22.066120562345013,65.80652194732096,4.381771110456582,1011.8326666922816,0.036071470105681444
2020-03-28,27.109769111635707,67.52734062819856,7.289437604765109,1021.3920222435337,0.03885287127117602
2020-03-29,26.843364434514697,64.02946275900169,0.8107938575877105,1013.6186095711676,0.10646565500574483
2020-03-30,24.733866472658498,56.28174855388269,8.861295438672723,1013.9930325652791,0.0
2020-03-31,24.06399392769338,53.34579138309315,6.7379269737935905,1014.3843595292307,0.046449975657145884
2020-04-01,25.015839944661547,65.52893536146765,5.157956605280524,1017.0304116592841,0.2067932685722319
2020-04-02,24.20870862123867,53.944691496500255,4.8281384660567745,1013.9714646902289,0.0
2020-04-03,24.72142279713868,64.33471637869793,3.562900636347403,1022.6901749033831,0.0
2020-04-04,22.87954022788031,63.15481142017477,5.926260658637214,1014.3954788219622,0.061651858769918036
2020-04-05,21.167497192802152,60.12005264554692,0.42472014808481884,1010.2426293740367,0.33886448825208465
2020-04-06,23.931550932520892,53.4723227965977,4.121620956395704,1013.9066921460891,0.04345804079878193
2020-04-07,21.317507778793534,57.08352273004277,5.178133428789555,1004.9730304885226,0.0
2020-04-08,20.899755237074622,54.984034841217486,4.448658930878886,1009.4513601707656,0.03941058974019175
2020-04-09,22.774191881723045,65.61645286925638,6.703863954401437,1019.8549108244979,0.11769347423751546
2020-04-10,26.429587799677098,62.146086177020784,3.1824735080818938,1010.8784118951105,0.0
2020-04-11,24.055031865351275,48.993889927456244,8.092491113209272,1013.6227332231692,0.2687884143295365
2020-04-12,27.85592168494623,59.08569328788432,4.90859207867953,1014.1025382787859,0.0
2020-04-13,25.685400201826955,51.74838020997977,6.7865527154279555,1014.9338058234782,0.0
2020-04-14,30.15255361145084,55.27591206066729,3.6828940663899923,1010.4288301703001,0.1463123303966974
2020-04-15,24.628294920251342,51.82075350007493,4.774596702957248,1007.958675773962,0.34101410944494254
2020-04-16,26.872071521572238,53.80511971558093,4.305098695002873,1010.0936576156984,0.001716692180983484
2020-04-17,27.95362615530041,49.79325278533443,7.584669925413733,1008.3061904644101,0.05193951811019658
2020-04-18,21.92275486068396,44.46969280544983,3.6798873597318345,1013.8790947664802,0.12282593903358029
2020-04-19,27.1090673890509,58.34247129948969,3.0280800730047193,1013.4672973248389,0.0019253729508434264
2020-04-20,21.121179369132847,49.21131743774063,5.484235921970246,1008.5563987132318,0.07147557197877917
2020-04-21,25.231911065034033,53.9209022132678,5.070885544278467,1010.6104945216254,0.001792345041149855
2020-04-22,19.88960534563084,55.014546170426875,7.44974112838732,1013.3242805317179,0.0
2020-04-23,24.243100535950767,52.446880202201925,4.4453141017957885,1010.6393186599778,0.0
2020-04-24,24.669867319751273,46.32334732600072,4.515960340259561,1020.5913058517785,0.0
2020-04-25,23.569178430383403,45.25065851797391,0.7239653012848466,1015.0046854941588,0.10208759060340959
2020-04-26,24.433903445847335,52.2160346239479,6.884936238440788,1011.6620262688233,0.06737177272472002
2020-04-27,24.069434933625786,39.994761682129706,2.0423097447968734,1006.2340002937531,0.0
2020-04-28,27.980906270275362,50.88945930562845,5.3901393943027625,1004.092185721472,0.0
2020-04-29,24.701513807169672,44.96069343263456,1.1711847481791375,1013.3661778457898,0.029739847340019415
2020-04-30,23.874133483555656,54.34049059732252,6.1797596414690386,1011.180705950146,0.0
2020-05-01,25.381820719933035,48.09089727918455,0.4979434151038653,1004.5713794460802,0.0
2020-05-02,21.35181636964557,53.825566511772095,3.891380746857398,1010.6468117092261,0.20607939361259336
2020-05-03,22.718508817524345,40.55358890551392,8.061653595508504,1012.8337445339473,0.1359406570938949
2020-05-04,23.013408516868207,43.89236573102076,5.703560221362716,1014.896177667678,0.0
2020-05-05,22.400288942791857,44.815857477802155,4.731307501472407,1009.2137516423817,0.0
2020-05-06,20.16268329707213,50.823579619660805,3.111263018351412,1014.1905157391616,0.3224874302180336
2020-05-07,22.836871632688716,51.73735105332319,3.397597914027354,1008.8620733118149,0.01604738842724726
2020-05-08,23.29509520948963,46.27903328832882,1.5152876043815389,1006.4837862294385,0.11573945244229895
2020-05-09,24.481476068967115,46.48390686194405,3.688011640232279,1019.2106424750323,0.047197638607463246
2020-05-10,24.209420015510393,45.716527156860835,4.551482131496719,1011.4887513477247,0.0
2020-05-11,25.72406003300289,44.416657689624735,2.199476185696596,1028.2866216681387,0.0
2020-05-12,21.264288053592104,46.50566500331844,5.932332852068061,1011.1487877964782,0.11240104355631296
2020-05-13,23.21475140329012,41.28539321838147,5.684115025538409,1010.1155643825649,0.05146267476800269
2020-05-14,22.231456093932064,53.41278704768294,7.068819772963036,1008.0189367981446,0.004147249791053319
2020-05-15,22.069024656983316,53.01385181647323,5.69158192305866,1015.8331846418188,0.0027168791471125914
2020-05-16,22.750578112766313,34.469504109108854,5.634321252585377,1015.6002030728544,0.0
2020-05-17,23.07278407890324,47.00413477881862,3.290990256612876,1015.7838806627143,0.01607150877033195
2020-05-18,21.19140426242887,40.85857803114133,3.1345181784112444,1006.6846582544886,0.041682304385527696
2020-05-19,22.944666519887086,43.50053819863672,6.89924043489894,1012.9035081260033,0.0
2020-05-20,17.672207211137504,47.00230380682725,3.9085760519644355,1003.5770707751028,0.0067532579119133004
2020-05-21,22.918331642496444,43.7155104441673,6.840805413848611,1017.686899491359,0.0
2020-05-22,24.26651412539785,46.64725653877962,3.8171946643837784,1018.6220959225518,0.09734777815713387
2020-05-23,19.981375134467363,46.596890308124614,4.653456057636204,1018.4030062510554,0.016633087122273127
2020-05-24,25.386428042600627,36.179506866139825,4.928463856279558,1024.9037267560986,0.151581751300628
2020-05-25,18.41729740245093,52.44402483309877,7.564744837194973,1011.2815488812778,0.0
2020-05-26,20.185353627630114,39.84647850714356,5.395934579889935,1018.4096760923863,0.0
2020-05-27,23.161119596791682,39.908355828284236,7.197093340789789,1006.5258933332516,0.02284139744777762
2020-05-28,22.468784075763995,43.24912237216157,7.530155676177532,1014.0574850636594,0.07930719377139571
2020-05-29,20.851083142850975,42.534431222649054,4.773868189050107,1011.4520361792956,0.0
2020-05-30,22.9628658735353,42.542774111056374,3.3937172253167436,1010.6783115428226,0.0
2020-05-31,19.511490945457513,44.28542097431943,3.4041507518103318,1020.8336447105656,0.0
2020-06-01,18.14684005144488,48.910451835011656,6.625348084218085,1015.9362968969991,0.0
2020-06-02,18.129147934583703,39.69290455599878,4.447094503205936,1002.2897974774057,0.023851254097502245
2020-06-03,20.839612146886257,35.93627801092029,4.791313017010615,1008.0599902875314,0.0
2020-06-04,19.181523140932303,32.25457503537655,4.45663319595353,1013.7246731726783,0.1613398303327045
2020-06-05,17.87378345454878,44.82406694972969,5.020698629132599,1016.6001687967083,0.806103075405615
2020-06-06,19.572412626011452,34.90592020808762,2.96590584255525,1007.5531458181376,0.03941999910573912
2020-06-07,19.989950157002838,50.233412704726256,4.970284593290595,1017.1070296851241,0.15701423402681586
2020-06-08,18.003809581015748,44.33388635424545,2.790627000801477,1009.3813931762867,0.020696816889648376
2020-06-09,17.874473577834596,42.80994433095419,6.4462009874755966,1013.1230606262395,0.0
2020-06-10,20.39509753130681,49.831524900682496,4.972744981621692,1011.6190399636497,0.07336432883679277
2020-06-11,17.45808985071897,41.33920828440046,3.1617731102601123,1013.963769245326,0.0
2020-06-12,17.51002596962205,40.939092374515816,4.377678002740762,999.955291757087,0.0
2020-06-13,21.10978233350723,43.61216188554994,6.223854385462316,1006.2925163720848,0.05206024725880186
2020-06-14,17.90105416700471,46.90702041786996,4.832791143309965,1007.5717257425216,0.0
2020-06-15,16.007504898188497,47.36369804251009,3.2820552231113154,1008.5052892176723,0.0
2020-06-16,15.341386621253939,41.12118193265034,7.045136808239555,1005.6047414542958,0.08002767128812487
2020-06-17,17.355282767878567,38.6637182246418,6.8818352291502265,1015.0260204016145,0.014497584060764832
2020-06-18,17.28118693957107,38.90050631519688,6.463910965099689,1010.2427540990009,0.0
2020-06-19,19.15889402038634,37.171474920650525,5.936770468554103,1021.6793949884286,0.07206038768605039
2020-06-20,16.980568009548765,38.88408076380707,4.805784720164925,1013.9673931421326,0.0
2020-06-21,15.462225284536824,41.960627101550095,5.660070229020623,1024.1297216586913,0.000736265150674667
2020-06-22,15.618044112029912,42.197344611929296,4.069959906024386,1013.5984860701896,0.0706829044324379
2020-06-23,16.56114185473853,44.550099064634814,3.3033589543895348,1011.3716526558991,0.09060934933034569
2020-06-24,16.475710487001024,42.07664520359982,1.3983977682608781,1015.3139485159018,0.21491919134387005
2020-06-25,17.628070649006037,37.42940520751149,3.5006193105942067,1013.1640437380686,0.013944299413456249
2020-06-26,13.178668752786992,38.65262000630502,1.2537067846935424,1007.9687348874855,0.0
2020-06-27,12.487934205273412,38.02961762020054,3.9294596709343113,1013.1270260419251,0.18669254448328138
2020-06-28,16.039173540195318,46.61010990372889,5.564395149516845,1008.799581715765,0.5711613055872511
2020-06-29,15.472346372729433,40.51578998310896,5.454785550242257,1007.9163067569511,0.0
2020-06-30,17.557065648540636,32.965033063562764,5.192621579342344,1012.7643527959627,0.08040094795806467
2020-07-01,17.248822037803265,36.843860875427744,4.517324417093791,1008.6090482859496,0.0
2020-07-02,13.592262545046847,41.52773742568978,1.9402619983918465,1009.473319973558,0.020591417151251304
2020-07-03,17.394738882460064,35.18363490875846,5.119789366232552,1011.9373847761484,0.0
2020-07-04,16.23769480778062,36.80646961161935,4.799959489415102,1014.2419220287966,0.12533387126994394
2020-07-05,14.940207595616695,36.02880488359096,3.7056371363044787,1015.3612357504393,0.0055130042374289395
2020-07-06,14.329329221508413,38.687526333988664,7.743772858723915,1011.5194745877535,0.20698835070346044
2020-07-07,12.341533885359588,32.38163555335156,10.188849175536305,1010.9798385307453,0.36260723894223584
2020-07-08,12.143131426758595,47.897928337883414,5.82898571946956,1009.570903513235,0.2095548088907847
2020-07-09,12.009059830967013,49.280071602654,3.956840644013254,1007.0765670479423,0.07271452551333586
2020-07-10,14.72381863595186,41.24602300773697,5.466537690793052,1014.3534242942167,0.1924197800186258
2020-07-11,11.736943675382381,33.2601048769703,7.060876534831209,1002.7633819347102,0.0603277844093687
2020-07-12,9.962827908023717,36.063185026034894,5.773459809667009,1017.5536971262366,0.0
2020-07-13,15.683299207837868,41.41727961165716,5.090268030864021,1024.6981240301002,0.0
2020-07-14,13.700117531220354,37.77405130425629,5.624669790294233,1013.2188700360077,0.35312445477086013
2020-07-15,15.882484806528849,39.2447700969509,5.6166624919186905,1006.1095826646796,0.0
2020-07-16,16.200380713980326,36.42010419760534,3.439151898460119,1012.0738302181234,0.0
2020-07-17,10.778771749107637,38.04968694611786,5.731697575833716,1019.4891263348679,0.034231311818026855
2020-07-18,13.159071838615693,40.86289268127705,7.428487147894717,1010.1289238890786,0.031034213097301727
2020-07-19,13.04734970948433,40.31951640095915,3.1050228101862407,1014.2222172798082,0.0040493393655564175
2020-07-20,13.267349841591283,46.086619147105175,4.604697217741884,1014.7099441189628,0.09196183541822091
2020-07-21,16.39920923880782,34.72044428817472,4.2688978200279255,1017.6904627045283,0.16865888591827932
2020-07-22,9.593914941665384,50.88495892102707,7.987708558956307,1013.0549538290564,0.08784166691480998
2020-07-23,10.067010507628735,46.19862892932498,5.451163327137607,1019.9457265783897,0.014117389826995203
2020-07-24,10.613447386290538,38.565831336317665,4.240870981068587,1012.2838838296125,0.0
2020-07-25,11.783106032577356,40.891446520959114,4.2768014384367605,1018.3229256806393,0.0
2020-07-26,11.873193906599514,46.73620216071932,3.900396083832886,1004.2514361269183,0.10869747430909386
2020-07-27,11.632062414850763,42.79010053083795,3.4011552009138066,1014.2039375487097,0.16572765029834285
2020-07-28,12.11637735608735,46.877538894556515,4.732215530817519,1010.1211604906509,0.0
2020-07-29,11.552858424335005,46.66181790796412,4.1553703517494585,1013.5235701471664,0.0
2020-07-30,12.349089386110169,39.84433673142958,4.487989342699202,1015.7135422181947,0.03164168919026396
2020-07-31,10.038624788617954,43.71902593401221,2.999339302092589,1021.3699285350535,0.096185733049316
2020-08-01,6.80800492137519,43.533177489299014,3.1461817256726534,1008.6192077701912,0.025997167950655153
2020-08-02,10.26930727109366,43.35507624199452,7.031330563084202,1016.5052067058255,0.0
2020-08-03,7.231187109411029,34.060628950500906,2.7258591366221068,1018.191551140984,0.0
2020-08-04,11.782206245666822,40.63990487352025,3.4925910676387986,1013.6884491295167,0.0
2020-08-05,12.011922283512387,40.27689482890549,7.250171757867694,1018.1034391613665,0.095761880312368
2020-08-06,10.067528383216827,34.740262266829255,8.338501612753937,1014.5099460517878,0.26435496635322425
2020-08-07,10.889170992135512,40.47563093708093,6.817785378995837,1022.0603140713432,0.09911207054610745
2020-08-08,9.85485168634208,41.0282911549741,5.06617950227752,1008.7291936959282,0.0
2020-08-09,10.73554031107519,38.95476834285254,5.2553301989325565,998.1917483548652,0.02766330638347063
2020-08-10,6.015545678529416,50.77297370980874,4.398432247047946,1009.6969570301151,0.0
2020-08-11,4.8240574396207485,47.56291499612912,7.920701892402729,1020.4651073524473,0.3725266646655631
2020-08-12,9.017065465905038,46.96713684940203,2.9370350793694846,1005.8500437065727,0.0
2020-08-13,8.872092188475333,45.081705447670394,2.182327715948098,1013.8733297777208,0.061979487259560595
2020-08-14,6.471741001314802,46.991625042732196,4.19740438973298,1011.4167235247395,0.0
2020-08-15,7.471167523737545,46.200098207698275,2.69573115038523,1007.7485809549448,0.0
2020-08-16,9.29908823762105,46.086568382122906,3.2416787423298503,1011.844491962035,0.0025556643531269158
2020-08-17,7.700809294828313,36.608568701488444,3.9772208214000466,1023.3094933646352,0.22358404797063902
2020-08-18,8.400762929618741,49.637902015903656,2.7907668049470584,1012.8453187136301,0.0005860747151323134
2020-08-19,5.493245803058676,51.55036075877908,6.660747523280483,1020.5293063980013,0.10726186651513965
2020-08-20,7.349225473083249,53.127803954093096,6.408222044283164,1005.5216024187149,0.02477808452944681
2020-08-21,8.794703245548067,47.403771416805405,4.811680151230802,1017.5866393634124,0.12007490489815041
2020-08-22,8.711863167083633,52.880824144110406,2.970348184531118,1009.9883407320857,0.06133027574453569
2020-08-23,5.530371871488226,57.7076390219566,4.3956963554670505,1016.3687591805856,0.014280548209709504
2020-08-24,4.74617050915896,48.13420908031548,6.649114439128473,1015.6558918326784,0.0
2020-08-25,7.16539939001348,49.74647461930588,5.072650951067519,1015.6770419697001,0.1119834388468081
2020-08-26,3.8721275611462462,42.09137699380386,8.03751867392716,1007.1441976927496,0.0
2020-08-27,6.147607794700086,41.20410728621479,4.065297434856652,1015.8308138859137,0.018111042515592313
2020-08-28,7.054126229229642,51.678353369195904,5.478291161307574,1019.9894813054336,0.34356222315656887
2020-08-29,5.4597994708899105,49.84302728179881,4.187100322822424,1006.5545773260503,0.04194887715906628
2020-08-30,5.545127606902994,56.735917516986014,6.872258296622165,1016.3919004942023,0.0
2020-08-31,6.665510096890774,54.956863693018654,6.690292654730182,1016.7736917504278,0.18886701271852696
2020-09-01,6.668664724007555,44.414340267339476,6.541346108926687,1012.3478013310834,0.0
2020-09-02,6.166019494041076,46.50767429609618,6.955163462438927,1017.4652700498721,0.18697310129813322
2020-09-03,4.868312703486564,55.76602935355044,8.810127281120035,1012.9261139017008,0.0
2020-09-04,5.868639451312397,44.13240939199226,6.509599029981655,1010.8998746635878,0.03825593883578875
2020-09-05,7.886537459053014,49.339665829566854,4.4463540104522234,1018.6195265280722,0.0
2020-09-06,7.172051125696101,50.59462162383647,5.225185673143656,1014.8453795135313,0.06668321921337654
2020-09-07,5.861747322954582,49.08025647545553,0.976239361510582,1015.9485180278737,0.0
2020-09-08,4.456575114574647,46.15986739705239,8.986857181264414,1005.8904391062546,0.07815434985764151
2020-09-09,3.4147443033862754,46.61354261525832,6.741923564343239,1008.6101469173207,0.04897054108024761
2020-09-10,7.103946435748698,56.700856522762685,5.883068018093728,1016.5729209334123,0.3363752928900983
2020-09-11,5.955290310143618,57.73318041752181,4.091839274968789,1013.4297598671719,0.6020167494438323
2020-09-12,6.2985565238021985,50.65872863317742,4.1046786416748535,1018.6601420863748,0.0
2020-09-13,5.968797044533854,51.943530302087154,8.549317121946666,1011.0342340262295,0.19699114284171854
2020-09-14,2.055933474082817,50.50426654610939,6.149704723470713,1007.4818176448177,0.0
2020-09-15,7.443487395115299,57.03919001724765,3.4436329570877557,1021.6838747848835,0.0
2020-09-16,8.225888241724663,46.32327461899605,4.736250816505604,1012.1662286185906,0.0
2020-09-17,9.920417712269984,55.895626569369,6.068402341691543,1014.5894254861909,0.4017932247396302
2020-09-18,7.118492018418101,57.86016487026339,3.576211374991259,1018.1420057909246,0.1584995096034708
2020-09-19,4.620579110841411,47.27707485559279,3.439391186996921,1014.3555639822335,0.061782609888570525
2020-09-20,4.102597536113125,58.88115398178615,6.2115633835725035,1000.1364541993659,0.010112789724662195
2020-09-21,3.9620605273413974,54.41664245893732,5.2631479358161375,1005.9721997630405,0.061379656129005825
2020-09-22,6.2560170648918305,56.81444048004261,6.564181467154544,1009.1405565058109,0.154162318450012
2020-09-23,1.9238704041019372,68.55771534222927,2.1544101827473146,1022.611623777222,0.03101167823709433
2020-09-24,1.499442801654585,50.236872713441244,3.84911006906489,1014.3804675983417,0.0
2020-09-25,5.894107633538791,60.76100008586588,3.3724110335373885,1005.7544119463154,0.210404844762825
2020-09-26,5.8801461990364,64.25488274144328,8.697341652631337,1009.3191878858638,0.12630582609326813
2020-09-27,3.509902938614812,52.70382341592673,6.046523477376153,1010.3120831572097,0.09587178092471259
2020-09-28,5.749797603574026,59.11793397378022,3.688003796879671,1014.6484302093141,0.0334353885565231
2020-09-29,8.221581505023876,56.589700155045726,5.414541493947238,1014.5386628733971,0.1395054628677726
2020-09-30,-0.22836029987576012,62.14232300840143,3.5024272291550638,1007.7630009743127,0.24082887804527497
2020-10-01,3.0857976563360645,53.34394917031637,4.1968849110013124,1010.6576197766013,0.0
2020-10-02,4.562495267504013,61.87100646416256,6.132187876152902,1015.7337807172179,0.21175776417339387
2020-10-03,4.4955845491746285,59.03421371963039,3.4352660661958208,1016.1255932821687,0.0
2020-10-04,4.284490050943155,59.25719300433871,3.0161287777795094,1012.7656022238125,0.0
2020-10-05,4.250441883953945,61.162262584606104,3.4001727537186706,1011.8996211008982,0.018038601399982146
2020-10-06,5.894289714524462,63.987754986971666,5.359864401028292,1009.2712390572228,0.12993061658714972
2020-10-07,6.606142150698113,58.275332089429135,5.209814330171025,1013.6695646130773,0.0
2020-10-08,6.550446775889267,55.216341725231544,8.029283719051119,1008.6912823397023,0.0
2020-10-09,4.165688701810762,58.51833940571719,6.245038280609995,1009.8440402912657,0.0
2020-10-10,3.8914954637310455,64.40355741553682,5.460512632933993,1018.9026558398369,0.014779408574021463
2020-10-11,6.235507885280065,74.96296516108124,8.200535637497518,1012.0558260989111,0.0
2020-10-12,4.674742474268955,57.67129297487347,3.9643664506082614,1011.9102479495149,0.13609198059998273
2020-10-13,5.7150486329033745,71.81608072368502,3.4544562340435956,1017.410282996815,0.0
2020-10-14,6.592152571295551,61.28532733009116,5.348460701327626,1012.0885128261383,0.05834606021010838
2020-10-15,6.841034702294803,66.07283551893117,5.7807298870172446,1020.9426534554876,0.13112308967664205
2020-10-16,6.07850875162785,56.492982558552015,5.059186119174054,1002.7316205857716,0.0
2020-10-17,7.468874651384398,66.34515850958137,6.770375082417854,1020.368824075692,0.26226967206029056
2020-10-18,4.879644117699703,78.13615198578184,5.051958292258993,1012.4050722285234,0.4017899083774903
2020-10-19,4.444196004251507,71.39522786073083,5.828182707587191,1010.4638276905254,0.08623349758378678
2020-10-20,3.699842923007086,67.1504871634213,1.0489700144408696,1012.1252326511669,0.021827727698333688
2020-10-21,7.138980709379997,64.72477744673373,4.061378527441787,1017.3784783938976,0.041524464514869935
2020-10-22,7.363566552234364,66.42779749460735,6.173655748687094,1008.3606731254471,0.30191477458232324
2020-10-23,4.764099080731588,64.85813957888492,7.042449486334326,1016.5434763655521,0.01744217112174705
2020-10-24,3.185139849587158,70.27896384978382,2.9957570183996474,1012.6979416678471,0.0
2020-10-25,4.961186091935666,59.38757578443017,8.321215119789027,1005.9169825878718,0.2429141224181941
2020-10-26,5.852844265001308,64.23346919697272,2.119449534647855,1011.8739031656945,0.0
2020-10-27,8.200298384942592,68.04382874614082,5.050771208812918,1016.051958821527,0.15409887409452377
2020-10-28,2.8444083547480314,74.83981880264291,4.264483850127989,1006.5266071464695,0.023987047631433223
2020-10-29,3.408955941931881,71.85214550405978,4.039501930010149,1017.6805377505485,0.0
2020-10-30,5.425195897690041,72.6607393543045,7.051584648957315,1015.6873678132115,0.043440541687878614
2020-10-31,6.620305256005973,65.06294139191425,6.75877988382674,1016.17712263277,0.0
2020-11-01,8.04665830596112,72.9933172082858,5.167777586323114,1021.3838149975372,0.011252795557609052
2020-11-02,10.118092705882674,72.72474654599391,5.385457992999454,1016.4821933669572,0.16877780927499164
2020-11-03,5.794491236521955,71.76424003339231,1.310258544188443,1013.035779995309,0.0
2020-11-04,3.942208634440132,65.78163867804535,8.522532254839726,1016.7704783182812,0.0
2020-11-05,4.213855590232563,72.95635897066678,3.217170863781101,1013.4061754730546,0.13510071293043008
2020-11-06,6.813123942830042,73.36604218587733,6.772983078719232,1011.6393412199089,0.0
2020-11-07,11.189512071019141,68.86278580276648,5.312607670568983,1010.0062423277574,0.23896462076234432
2020-11-08,8.087997349056089,68.54806912416834,2.592529615600441,1015.0852175148381,0.0
2020-11-09,7.230683658712813,71.22218027045265,5.330411093537345,1015.534660784348,0.07528124317467573
2020-11-10,12.66699341269862,71.7709458710522,3.002302407809264,1009.2993160463025,0.0
2020-11-11,7.807603414743617,66.85260993461658,2.7653188813381497,1011.6176985603402,0.0
2020-11-12,5.371592790984458,72.72598020203483,5.026479535335067,1012.3902753619986,0.0
2020-11-13,9.564373103129448,78.92746582952468,3.0678638093061394,1018.2849394590913,0.07352356471847395
2020-11-14,6.053078702539148,80.08956601900442,2.034233284851915,1006.452939268345,0.04587245547756637
2020-11-15,5.988974018460179,82.92592984519692,6.352663713589061,1017.4530893700014,0.01541338103337693
2020-11-16,8.060436133543199,85.4535496684851,4.790040597962093,1019.8370749123007,0.024056586462167615
2020-11-17,9.345391139548571,67.31256747740095,6.353684129336937,1004.36934610443,0.0
2020-11-18,7.6911720582896725,68.97551115414198,1.761280034204915,1010.4447976820994,0.0
2020-11-19,7.8057319979913595,66.34397327434269,4.608316116120183,1021.8163395098032,0.18439365967971189
2020-11-20,10.267157937031088,66.0875282816929,4.193623386300933,1017.7470276189661,0.0
2020-11-21,10.952197765691455,65.74532978297414,5.792643368247978,1010.4827971603582,0.11354097045159846
2020-11-22,9.204706608466394,83.39475955849548,4.879424932721762,1014.3904052398398,0.042116182167515254
2020-11-23,8.641389452136316,72.55535564239857,3.131691982786708,1016.9778080537471,0.23793295513925372
2020-11-24,6.785547479115442,81.0623574507555,4.702467695532642,1013.4800210248488,0.3179896819464639
2020-11-25,10.866946071334112,72.26697311602209,5.427231195177485,1021.2279283587303,0.0
2020-11-26,6.120103058189151,69.61319243494144,8.733366296663254,1016.787341650307,0.133778398851854
2020-11-27,4.525749700755265,76.35382246086446,5.661556079419365,1011.0683091881456,0.0749564507978984
2020-11-28,10.645781978272561,64.15263670865454,3.063835764670844,1015.3853404617844,0.0
2020-11-29,11.513418032229104,68.70013324873264,8.893033114281938,1012.3230112018028,0.12130766089100158
2020-11-30,7.67939145398551,77.04273661976531,5.482407928437905,1018.638918150639,0.0846833218344707
2020-12-01,12.153478420624655,72.17934075745049,2.4492221517158326,1004.8101110129992,0.0
2020-12-02,11.0742038687334,76.80974373535206,2.987926284159217,1008.8922508719843,0.03749999955676711
2020-12-03,9.99345776720018,69.28813504617185,4.019864148694517,1016.0372636457653,0.005633115956010862
2020-12-04,12.34411043110025,88.93489359658261,1.4050883912662049,1007.682835309227,0.0
2020-12-05,9.53834440429218,74.62376935329056,6.142590923598309,1009.4516504679054,0.026761856302620624
2020-12-06,12.845258547597037,80.81433966066164,3.552142591882796,1007.4018588315977,0.07322360296820885
2020-12-07,10.255216302575992,77.901570759922,6.722475658325102,1012.3139515213275,0.002597566087279103
2020-12-08,8.51766658846434,85.52716165642187,5.312952513892598,1011.9182801085213,0.07312581311802117
2020-12-09,11.986034629141946,75.64723281271084,3.9376416780456247,1010.5678941869171,0.0
2020-12-10,11.794965823543352,85.35306539999073,4.903310752440361,1009.9594937152416,0.06519485464844477
2020-12-11,16.377995682776852,85.11941948568598,6.0863617630925955,1010.8504632665603,0.032416451913377775
2020-12-12,13.76912173044604,78.00620950247261,1.6309654891502343,1017.0328188394813,0.0
2020-12-13,10.063328363257382,73.27738674949916,5.993750676158749,1021.2200206353112,0.10560676461036632
2020-12-14,12.753412471366468,80.68602766962873,1.7231527485164158,1004.1180569182671,0.21072896308878575
2020-12-15,11.064376401065912,80.41838620992559,0.7885534346605638,1016.0846711866234,0.38768392895518283
2020-12-16,12.48431125660251,78.92678550637812,3.0856838034491796,1018.0698607705608,0.3135965167991886
2020-12-17,12.710856045746628,77.74339531283024,6.582990905797855,1010.6716323035096,0.050198386063026915
2020-12-18,10.770161125260614,80.00832637848494,9.342329898636333,1016.3103714449985,0.26215746581716975
2020-12-19,13.838853091891517,79.97962955364147,5.212855056043968,1014.6354023954472,0.02050335121723204
2020-12-20,15.085005293145919,79.21443734620753,5.504662862769043,1011.046010019595,0.0
2020-12-21,15.766631015911678,87.94520122677963,6.27920014649742,1001.4336857827595,0.05360278010815016
2020-12-22,13.682387675828664,83.04679176479785,3.7058929472344815,1013.8562177257611,0.25410605469505715
2020-12-23,16.449802016803144,80.46838846067327,4.79125193300377,1010.0326200407029,0.0
2020-12-24,15.487910757008148,76.47700531100449,3.013277249153729,1023.2103607491348,0.0
2020-12-25,15.231056952695043,80.10449811936083,5.339667066952894,1017.1162661767129,0.0
2020-12-26,15.53862432006292,78.43216549584247,2.7955396181858188,1012.8772528817881,0.0
2020-12-27,13.056300851145206,78.09133258108581,6.689795201646868,1012.6247609034305,0.060498014950336895
2020-12-28,12.804538433421074,73.13211084907755,8.122559197911613,1008.298648820214,0.47788887999809554
2020-12-29,16.12850096449822,86.62957859197093,4.539085435055782,1010.2498845158111,0.19463649185194914
2020-12-30,15.749455093844158,77.99210599470032,3.0576586703512185,1020.1315843039351,0.025326725282231163
2020-12-31,18.57078027312473,81.78521129785109,2.7807758180554267,1013.2503334740934,0.0984810228350461
2021-01-01,16.104892710322297,79.5250742521264,3.0337636325085846,1008.50839014284,0.0
2021-01-02,17.18782886240663,80.83225278412324,3.8873409023989485,1008.9129197027586,0.03715082141450311
2021-01-03,11.273843782427656,70.77910330697704,8.93352794386948,1012.0188301752823,0.11147455280760536
2021-01-04,11.941446193424756,80.78897800769663,7.226828536586569,1022.0322515913485,0.18183366981158833
2021-01-05,15.1762917921827,80.04741806938105,7.559624041256043,1008.5701675897952,0.01702768867713253
2021-01-06,15.92514585600684,81.53558666678651,6.971772762810092,1010.3432875573956,0.029386670310154767
2021-01-07,18.20474248368698,82.84103697117193,3.3694486777270827,1022.0060699540427,0.0
2021-01-08,18.167846607114377,80.71677703191651,6.653563896654357,1012.1836601219201,0.020022782885406418
2021-01-09,18.750476121567115,81.76310673626749,3.284594753906212,1013.67727331595,0.34622327187015617
2021-01-10,18.357607811870537,74.74020894465518,1.881148655531251,1017.1439828121171,0.0
2021-01-11,15.714080004842604,81.31804021834,0.1248712816012878,1018.5746227974514,0.0
2021-01-12,19.152310767896388,79.59683605837905,5.008538474444854,1004.0639564992524,0.0
2021-01-13,15.104267834438595,76.72136548574906,5.053476765349274,1013.9172512679079,0.08198144408553366
2021-01-14,16.871291178082064,75.55523860241534,5.814165092427267,1007.5710997531613,0.047495055076998846
2021-01-15,16.696128819990207,76.14775348973762,1.671654029667653,1012.367153341803,0.15929880200897578
2021-01-16,18.793104841107468,78.13550666812229,4.909712605181916,1015.1374459674101,0.0
2021-01-17,19.822313115028376,75.49791828931099,3.4752769265447814,1005.765298326221,0.01511914772156181
2021-01-18,16.70020601667643,72.88607253416328,3.4358254726756368,1006.3240557588607,0.0
2021-01-19,19.863441081098667,77.44813921654234,3.154353370006344,1005.7433075090448,0.23909068609210787
2021-01-20,18.633613587058555,87.63968928416264,4.168566800496971,1014.5290259426996,0.012453637472968813
2021-01-21,17.924856071566932,76.51498669608993,4.259671670972595,1008.2037230367971,0.0
2021-01-22,21.42792238807425,77.97835731674512,6.155398946740469,1016.6416432104729,0.0
2021-01-23,16.127117602271205,78.34344143286435,4.457585320219672,1006.414126055971,0.08416737201741088
2021-01-24,21.028619507687235,78.66339450903821,8.946903552370069,1019.1845052119091,0.27590507449342494
2021-01-25,19.227460289374168,76.04864168293282,7.843951118584929,1015.281816817404,0.0991057052066915
2021-01-26,19.166115076715354,75.99022597261873,3.8554518719678494,1009.9145776283133,0.0
2021-01-27,21.03684734494001,76.42316461402001,6.10825515665354,1009.6493705113635,0.0
2021-01-28,19.273112590847457,77.65318569976881,3.724844123071166,1019.1855304205643,0.189554011181939
2021-01-29,18.325591229255107,69.35068554996886,5.551333098681549,1009.4580747383095,0.0
2021-01-30,23.925622050014972,76.57030271529406,4.334111839999661,1014.5276607164993,0.09027911530110096
2021-01-31,21.019289525621424,85.7933783611601,3.335627931699876,1013.861695696146,0.04174690339003603
2021-02-01,22.168855617664228,75.48258093872349,6.444101810187886,1004.1905486455018,0.0056121848334471786
2021-02-02,19.6663086593318,79.58711736444579,5.301636412665188,1011.7226460690612,0.003255435355135769
2021-02-03,19.769912646444368,77.02593962989913,4.7949399827017185,1013.1314799342167,0.0
2021-02-04,20.381642138764242,70.34027801309904,5.0762547681898695,1015.563587617362,0.0
2021-02-05,17.92746708866679,80.05094685865504,4.587910273886177,1008.7434129733526,0.03176295761214663
2021-02-06,21.027409782703185,74.43978465017433,7.911615903673686,1013.277461127219,0.005086635552266662
2021-02-07,24.356896263117065,77.67814602423117,4.500296472811191,1017.1356748127923,0.042038283256716866
2021-02-08,20.910395868172024,75.98990338247371,4.008409010909581,1019.0828885687147,0.060938695176389904
2021-02-09,25.101829946263162,74.13111283069416,3.316620368585472,1016.060949340475,0.05852250024623187
2021-02-10,20.6241029353283,78.08584200750157,6.3551140671754345,1019.5359192254062,0.26038974847528035
2021-02-11,20.250617562761526,72.62874480179624,2.788810482221552,1008.7090362694535,0.09140058438581576
2021-02-12,23.491059860470276,80.76520796213732,5.912306071654111,1011.212104840157,0.2636640657597676
2021-02-13,26.132791891438416,76.7867847093182,1.3399005570604627,1013.0292589689766,0.0
2021-02-14,20.040792497045818,71.34556810813315,0.6421369596101814,1009.8517478652991,0.22981667740882372
2021-02-15,22.68847700200883,66.63684968997016,8.287852535785209,1018.2721900548856,0.03698743798096482
2021-02-16,21.81987017676913,81.6753239522373,5.397978988810375,1022.9436595929769,0.0
2021-02-17,22.32635005759924,73.75588708559276,6.849665226723589,1014.4097854589401,0.020661515578393505
2021-02-18,22.53081403904678,73.11269030506041,7.539529500628608,1009.4507290892694,0.3792483086454052
2021-02-19,17.841362662536227,83.69891743321159,4.165430503266857,1015.9616210354249,0.0
2021-02-20,21.115943908326077,72.78123071997298,4.6801204244859145,1008.8402125339144,0.0
2021-02-21,20.61703889760236,61.25090856945044,5.030402562651707,1008.821215419268,0.0
2021-02-22,25.594700588588484,68.53804876054818,7.630275331441945,1011.3827126375829,0.07687449920060006
2021-02-23,23.119471220780692,75.39486797041297,3.7931081723041724,1018.1478617927623,0.0
2021-02-24,20.049548483213357,63.12611265209626,5.09227011791137,1008.2081275988672,0.0
2021-02-25,19.696281959943242,69.34963866999497,5.851727478980273,1010.4108597301906,0.07550289300665992
2021-02-26,24.05405136895616,66.17123598540529,6.287262550906677,1016.4444833330397,0.0
2021-02-27,25.683154094990048,75.7209838304067,5.05042398298679,1018.6753780497743,0.011821412087652361
2021-02-28,19.670685573552266,73.85936205580435,4.69185520315033,1018.968058403746,0.0
2021-03-01,25.72052372392724,69.60097573101444,4.390521386239998,1012.8377387516631,0.0445424333611157
2021-03-02,25.16167057831264,71.00206261129269,4.988145188333537,1019.8303003420167,0.039457886316186463
2021-03-03,25.180545169033778,72.02304403319329,8.958634083291875,1009.7690215732007,0.09466093274596445
2021-03-04,21.408521937941913,70.05054385969986,3.512655650598254,1012.2049387422283,0.06689296870956317
2021-03-05,26.67109732002324,60.04798536677984,5.785466573164351,1003.6327459071156,0.0
2021-03-06,22.222500043954682,73.12454342778393,5.172905048015187,1014.2385318923341,0.0
2021-03-07,22.66826893504047,63.196073582910984,5.125867751538628,1023.9052128774163,0.031565569633977775
2021-03-08,26.093354932591186,60.323844904653654,2.340216277331874,1011.2225261269577,0.05688741812693408
2021-03-09,26.723907841469554,65.01089367179975,5.518072204085902,999.7520452781376,0.10486555580270286
2021-03-10,25.279016343407243,67.19389692910488,6.076874000709077,1015.4167092589029,0.2577386390764881
2021-03-11,26.998906533930555,57.9220800117066,7.1589452440450625,1019.0238329014788,0.2556263784127078
2021-03-12,22.37321433188177,61.69493099797981,5.646713062960517,1006.1530443797642,0.0869491263590484
2021-03-13,22.719703508722684,56.78511642959789,2.851337673694992,1025.3133744623897,0.08985385767951916
2021-03-14,24.480554988888805,65.61328173428527,7.161088254050974,1004.9616171047841,0.09959237170198025
2021-03-15,26.989647341150917,70.05396110448274,5.536412843245169,1013.2449888040508,0.01920707383449556
2021-03-16,25.43040139519839,61.52397196359692,8.023278699768637,1021.532341236305,0.028933574357194694
2021-03-17,25.728052560093836,57.84656043988512,2.2791417936415654,1015.8599037896914,0.017182707641229214
2021-03-18,19.036615478697097,59.439861140597316,4.738759208009761,1020.003445172215,0.09203290083675643
2021-03-19,24.982479856435575,58.22396670485209,4.154912823182088,1015.1246578052691,0.012534306359739414
2021-03-20,22.373532798647705,66.26679109134008,4.598184933598146,1013.6126565882665,0.24264955980670672
2021-03-21,20.700104014623463,61.85510000334391,4.652943661925709,1008.0673986088051,0.05782334432726813
2021-03-22,24.28158730592072,60.56369629853572,5.889562724814501,1018.1119616122104,0.0
2021-03-23,23.168719490226096,60.33902873650183,4.784712992869312,1007.7186483642987,0.0069771122076146
2021-03-24,24.674437438834953,67.32012677035648,5.5901515666037245,1007.5061577166636,0.027137547252512537
2021-03-25,25.79004136892308,56.139304719166795,2.61226471830509,1009.3547123975251,0.02141677955360821
2021-03-26,23.010271351255778,58.526070337127656,3.4536149795531226,1005.5503349588926,0.0
2021-03-27,26.276587132106627,58.29116103390724,3.5091077735201037,1011.3553096492005,0.027847669076808954
2021-03-28,24.30400651917331,57.06411711140465,4.399986681976486,1017.3775457657069,0.05010563804593875
2021-03-29,22.718549779143554,61.34702374520108,6.87706771641671,1014.9647909048421,0.0
2021-03-30,26.611981574025727,66.17410170355618,7.188333982887888,1007.5287952348245,0.0
2021-03-31,26.320609729030053,62.59291292528342,0.5956982994366662,1005.1705977203508,0.0
2021-04-01,22.146032026507918,55.42321961643984,2.9750856945123876,1019.2528491627172,0.0
2021-04-02,27.074711485226086,48.944717071266226,5.298131161358172,1012.1171845324068,0.0187887271951733
2021-04-03,25.99549619858818,52.23860501273667,3.7420385848174633,1018.3503625603549,0.07089060340538778
2021-04-04,25.978296880766216,58.66900622899904,3.6899536987582446,1019.1772761636466,0.0
2021-04-05,22.78259274600443,61.57289777621762,3.2775688932027167,1010.4520243352682,0.011190785237707966
2021-04-06,25.785165144543402,62.08188303852952,4.118230224130346,1015.8118238299826,0.08110238867367243
2021-04-07,24.507904314598978,60.14486031584692,3.301854254612679,1021.1475002161617,0.0
2021-04-08,24.791276385527237,58.7772237340456,4.506080771519004,1008.6536843913359,0.009362459623872055
2021-04-09,28.504977685084405,56.318011184800845,4.104170323168919,1012.006424691646,0.0
2021-04-10,22.738201046372627,61.71581084515123,5.686837908612109,1015.1342026046888,0.0
2021-04-11,26.835962647123697,54.08945273855802,3.46230168065038,1007.1545212633898,0.0
2021-04-12,25.103095937565172,52.60085561465148,8.302477323930171,1006.6075460096866,0.0
2021-04-13,25.162994209789947,57.421766058463696,3.8312494493773563,1014.8279573011232,0.03582028916524875
2021-04-14,26.297421798165118,63.19174964242967,3.854777429242586,1022.0058083056799,0.0
2021-04-15,24.345592122341003,57.744858733291466,4.78669465267955,1010.5339280644475,0.1062269789832979
2021-04-16,25.334231185425264,55.502113641450975,4.106754496198734,1001.7344693926875,0.005945957049416285
2021-04-17,23.99218761152547,52.2008827929834,5.66559643480891,1018.0687527374913,0.0
2021-04-18,25.43770034986736,46.30824252117968,3.2461730648111145,1010.6962709377424,0.008787537088140208
2021-04-19,25.11132459123804,53.96922333399165,4.926805414167506,1012.578883517363,0.14098259994113932
2021-04-20,26.511633608346667,56.13461114199785,7.392345542063396,1016.6938113371433,0.01790899480437344
2021-04-21,25.569831078163855,50.6121542732224,2.81220988653119,1014.0289840186704,0.11342124160906424
2021-04-22,24.137220090430002,54.733002064373075,4.054330078040992,1011.8327495028989,0.05921071722399407
2021-04-23,22.44060682992595,52.51317429961263,5.1453557982075795,1011.9708298739063,0.15225862763800813
2021-04-24,25.884886892124545,50.59179705029136,4.382686427430688,1010.7446293060401,0.1818782840133933
2021-04-25,29.104480127624676,53.018302398990976,7.26401026735466,1010.1950949843413,0.0
2021-04-26,23.21389396745712,50.459254444302104,4.53404837155012,1004.043205968766,0.12010533202550074
2021-04-27,24.95649577812912,51.18975546158586,4.132891334533665,1013.1899800672676,0.00367714925139824
2021-04-28,21.82638854261498,54.90168238895043,5.071519446281654,1022.6055798765485,0.0
2021-04-29,24.533323405748913,58.220988350826985,4.899834717070929,1008.7819219673204,0.0
2021-04-30,23.072725723452105,53.71127254314244,5.143089226621827,1016.4249346878843,0.0
2021-05-01,24.883799200735815,54.832450512961834,8.600925524920456,1007.0244811326826,0.10077131863836201
2021-05-02,24.26213831295693,51.65271142232266,5.7173087679667915,1011.176511475846,0.0
2021-05-03,24.542515607722205,43.511704607003715,5.492445522552864,1008.410078469977,0.0
2021-05-04,19.854095704394645,45.87991233999472,5.0027458604020385,1009.1112394246244,0.28131712405792153
2021-05-05,20.274678492587014,53.33388111872694,4.762826752899816,1015.4418529521483,0.06957326275895293
2021-05-06,24.178326913078436,49.414184861990876,4.968145084200243,1017.5896330856203,0.0673641723778339
2021-05-07,23.787629406646474,43.06236221488157,7.123200340070522,1007.0755627771412,0.03624270887867985
2021-05-08,24.986906984699853,45.73559998431461,3.100252128487053,1008.5624546470874,0.03208610382791337
2021-05-09,17.52246990918093,42.41586987155942,5.032982973961729,1006.8911183265261,0.0
2021-05-10,25.817056637583025,44.209961190379154,8.236078066610347,1004.7938896278146,0.08723828401130808
2021-05-11,19.149298050736924,41.83448104022499,5.814260662166497,1009.857212098777,0.13233033315895315
2021-05-12,24.743087491212705,43.689750602445564,7.624344257267048,1015.5453561061152,0.002990206615269775
2021-05-13,21.418405781151115,54.329425756732846,5.2116692872335575,1008.697451264452,0.010573854753279523
2021-05-14,23.344070243909535,45.106609830632785,4.1315822736138905,1012.4481556203139,0.0
2021-05-15,24.449650486759957,45.19747876115706,3.8475163675461936,1015.8730445864628,0.13265324581706706
2021-05-16,20.645741007036094,39.96852419499403,6.0572183122527425,1014.1291641578669,0.017927751901615746
2021-05-17,22.877039683711867,48.23231568488391,3.729139122761466,1017.2641488413718,0.10559646654210712
2021-05-18,20.244237088385383,53.68093249223615,3.707905395212227,1016.8174653212594,0.5646007381380167
2021-05-19,21.35548915524225,54.979147255026064,8.903522024535627,1019.1997027491368,0.2971989657870074
2021-05-20,20.671895236649206,41.37000768370997,3.0219994942633956,1016.9840853459071,0.1550249114911028
2021-05-21,19.434419776880112,42.34510452558979,5.2313301480926935,1010.2632221285066,0.12445831182952817
2021-05-22,22.219082215414954,43.585284366094655,8.462389917222524,1022.322369844319,0.0
2021-05-23,20.27355488170746,34.39414571759808,4.214865484069695,1007.5389102932969,0.08757796694554972
2021-05-24,20.476635182805754,45.89510668429809,6.581311423035207,1018.8336065457185,0.1713543537422818
2021-05-25,20.19653155536958,41.757725381580116,6.7854163057474,1010.6319797151817,0.14579810774018365
2021-05-26,23.384280632896907,53.81208959886868,1.5449327612678232,1016.2965846210592,0.046460698557174704
2021-05-27,19.359625820207313,40.87926632927574,8.306299665130641,1009.5034102951396,0.047134817376189034
2021-05-28,20.78786352016204,44.94798895649936,4.683028584951265,1012.1610145700331,0.0
2021-05-29,21.248996557801494,36.955531486937005,7.44575489410682,1002.567449855724,0.11565273823958823
2021-05-30,21.99340303251871,34.76885147439756,4.8126988836088005,1006.4947148766003,0.0
2021-05-31,15.533077683814138,38.6561215734149,1.9141571056914195,1010.9911812893675,0.0
2021-06-01,18.15712262468715,38.69831719946209,6.819906612004926,1017.9129745918711,0.03782317359556879
2021-06-02,20.14085537169627,38.2355069049014,2.5013229702769153,1009.4510744994025,0.04029986676512297
2021-06-03,20.06374350193355,44.075486907299855,7.171033970883512,1022.3629475772095,0.042097160999239935
2021-06-04,18.953574901276095,47.14784568098593,6.171701611635871,1018.6819403876987,0.0
2021-06-05,20.764395921612103,50.57271676540569,4.026841503249878,1004.6528411433342,0.05821941044419557
2021-06-06,18.873823923596248,36.717397571195995,7.35565900941132,1001.4741657247824,0.02379639774772907
2021-06-07,21.695828992322593,38.47722179068337,6.804072489492738,1012.0933954067735,0.0
2021-06-08,18.10829478846534,36.12965574696222,3.1452741438540675,1017.4416943099842,0.0
2021-06-09,21.42599180876584,39.12326073332732,7.413755673603169,1023.8915742965258,0.11795582726047162
2021-06-10,17.297714812878333,43.72425507289488,6.454349740040873,1012.805473466681,0.221205213251761
2021-06-11,19.236915797071266,40.89016688614688,2.157740851124254,1008.4560596995838,0.0
2021-06-12,16.621862063243768,44.32730453996314,5.517595134681217,1018.2011948212478,0.3003596484942393
2021-06-13,17.531663071938727,26.398556260768153,5.693308553983703,1017.8817903059188,0.09897297275189128
2021-06-14,22.344365550380573,39.801799974328084,6.801447810178361,1017.4568205317647,0.0
2021-06-15,17.273499031169802,36.92184671736734,4.68032100865111,1010.002914265886,0.0
2021-06-16,17.88979253034163,44.672751839662276,6.27604806699091,1014.7001229912983,0.008362810089678333
2021-06-17,14.7993562751757,35.80692603482925,4.569598649505334,1016.0670818431811,0.05562576109678012
2021-06-18,16.265699327728942,39.1206443830535,6.63306975954754,1013.0119259895762,0.04640134450313667
2021-06-19,18.435936846467246,35.27104544268808,3.529944978410045,1018.502495038134,0.031918534948122135
2021-06-20,15.166955944448809,42.80101983612837,4.890223630491223,1015.612788009994,0.33953817657454594
2021-06-21,16.653714508891746,33.44102872535724,3.942885908668025,1005.8445349924529,0.00641046387858215
2021-06-22,17.219628306398945,44.47978532445177,5.491232855803552,1012.8350175986767,0.04524992484793813
2021-06-23,18.82421341174277,34.73024979265994,7.083345478609228,1012.9412427471199,0.17682924844031928
2021-06-24,18.17211039107974,30.14082646875346,6.510099360511775,1006.0173238121342,0.43726526275645905
2021-06-25,15.256358725266486,45.47919023455659,1.9282691795347575,1008.8962430466061,0.0
2021-06-26,17.146577901638153,40.023321212040365,5.348746097403051,1002.0315832415267,0.0
2021-06-27,18.972623266646757,37.3182315866677,3.1724184532387265,1007.5577451649017,0.0
2021-06-28,14.940111566854442,42.28773346379955,3.231970540503828,1019.1707201789003,0.09501247398011405
2021-06-29,15.168758898955165,42.36472006101957,4.145022866620703,1014.0481296621045,0.1756625949089653
2021-06-30,14.768020891117613,36.11328966650171,1.6292357902575456,1014.5150552522808,0.054773666055443135
2021-07-01,18.5638289653076,42.17964114364611,6.309727542962682,1002.6206508308937,0.1172299973915664
2021-07-02,16.11825701026525,44.367106059178205,8.9481998964838,1015.3890428130824,0.0
2021-07-03,17.014772984296982,39.55410589473633,6.199957117314399,1013.7292172842982,0.0
2021-07-04,15.058998392613638,36.11890145333039,5.178152404993127,1012.3542325876995,0.0
2021-07-05,17.107294570786834,40.87928133731593,4.9584970634720085,1020.4250894727975,0.32233223929534566
2021-07-06,10.614262682458536,39.96336264164338,7.12142999868434,1008.6993556185377,0.0074665791281393265
2021-07-07,13.398291054737172,39.811673733395196,6.571317104781912,1010.8774686276928,0.11271157396760466
2021-07-08,15.655996318025995,39.84877341262818,1.9993432480428588,1008.9074792970316,0.034665499311498565
2021-07-09,14.13122073791231,41.985453797448685,4.431763819050087,1014.5943139085332,0.0
2021-07-10,17.256212570312968,42.28708725363878,4.742824899367279,1015.2770999546841,0.0
2021-07-11,17.33919030072667,41.117101297374305,8.355316580385765,1015.483185954638,0.0
2021-07-12,12.688594748080552,41.79317111277691,7.140720033946348,1009.399992843546,0.0
2021-07-13,10.577903073522748,45.254857872908396,3.8260435446227374,1008.3915466025569,0.16803081437802048
2021-07-14,9.824841926430302,39.37856578520722,3.4315572349312324,1016.6564681042018,0.041110679241289985
2021-07-15,13.669381638371433,39.38817713005443,5.050584426867373,1004.3706650613822,0.0022948551000568154
2021-07-16,13.357605535411121,39.62340321093891,6.338784942785082,1016.6930351449641,0.024677398384441218
2021-07-17,12.033094589296422,47.15962062125473,3.8538160980080614,996.9786446922344,0.0
2021-07-18,11.88308267144671,42.182545466904976,3.7495081548856524,1009.3175441424712,0.12001951139051083
2021-07-19,11.230720559165196,48.28867377832095,3.6031948454147527,1018.6616273990151,0.0
2021-07-20,9.407837499350958,38.47111006998721,6.624667178683662,1015.7313593347188,0.053969894407919355
2021-07-21,9.49049294866926,53.04617020789816,3.955397946857599,1007.0551248400758,0.027972139263052795
2021-07-22,10.751630477789776,52.50387065920752,6.345273437136187,1014.2991624750174,0.0
2021-07-23,12.741790890699168,37.645189215843594,5.495964177607037,1012.9656723950783,0.03894628895144023
2021-07-24,12.154098729750212,37.120712467268895,7.353573924767728,1011.5370289642095,0.006018761337033482
2021-07-25,12.130186565067644,50.194746415595056,5.723031288581882,1009.847670429864,0.07254409423976807
2021-07-26,11.224823945181402,36.8120214007424,3.98931855620423,1002.908590658229,0.00494948902472854
2021-07-27,13.459516983806754,40.35690348403685,4.589617368020596,1011.4938002392959,0.07998954326856476
2021-07-28,12.269907984787707,51.84953619188487,5.945579312043862,1010.3645419488798,0.0
2021-07-29,11.071696262976154,40.247510453172744,2.097404089657866,1007.9356122422505,0.0
2021-07-30,7.95950801552043,35.966470298279496,2.910367361240286,1016.9495247089275,0.0
2021-07-31,10.396225474557262,42.956664257204835,3.2939015044664224,1014.2187779571776,0.02799796514639459
2021-08-01,7.046778395266087,47.745992678363415,5.992358824576761,1015.8847794669932,0.03563880334529884
2021-08-02,10.72555689398876,38.88455873153867,4.447761348989635,1015.184151484231,0.26865513284542414
2021-08-03,8.20265308476529,48.11048409247005,1.9447361036424522,1017.6437096240347,0.0
2021-08-04,10.573516199025402,48.24852959619781,2.9609928678375,1014.6240254616243,0.0
2021-08-05,10.991868100515003,39.92852186107504,5.087991022887977,1011.4126889141996,0.05031905942952801
2021-08-06,9.824711102421222,38.85165764690413,3.5114723278402633,1007.0823042614963,0.002565432820444212
2021-08-07,9.021932559494687,45.97782937655716,6.1538691941064485,1017.0917686541358,0.011954694222541397
2021-08-08,11.765977913141402,41.79790239983068,9.217699623497529,1014.2878860926055,0.03351555018553523
2021-08-09,7.797275154538738,45.605983859799515,2.800058384861386,1010.97823890188,0.0
2021-08-10,8.744200805398789,37.2825004095788,3.6733718777239055,1013.1405696453153,0.06458732198501083
2021-08-11,7.534295784570462,43.131165013203415,4.101925717106069,1015.45485527591,0.0
2021-08-12,8.54662373158542,44.41425659420957,6.439292795482513,1008.1037341999775,0.0
2021-08-13,5.530002074679315,46.98379479383568,7.16534456418213,1012.252052491665,0.0
2021-08-14,6.972837781654666,54.536139801968176,4.48244375967489,1009.250630381766,0.1340614053465493
2021-08-15,7.160081529312673,40.628515217032685,5.405762088885243,1019.2334757044722,0.09969390227158571
2021-08-16,7.379177888594184,35.216828293315906,3.2667240489927316,1012.1751448736878,0.0018424903422489397
2021-08-17,9.641607853902316,46.47607494023188,2.925941312302616,1007.4354705256419,0.04866682254754627
2021-08-18,4.884895473054184,46.44193585240557,4.9309486755298995,1007.1605864820463,0.10113631775373892
2021-08-19,4.6908461650180655,38.710818585908505,7.4533279475749605,1016.3317727112509,0.013605481324120372
2021-08-20,6.907490035894721,42.44244447186021,2.141416223551102,1014.6834799584449,0.0484931550759779
2021-08-21,6.695596342944132,46.07299837302647,3.6179603736492627,1001.9724732249009,0.0
2021-08-22,6.00260347964558,55.75100524953629,5.677320806982912,1019.6380075856151,0.0
2021-08-23,9.250380946473753,44.80953361915908,7.029475389659554,1020.2015182050881,0.06162813990182228
2021-08-24,10.317667637776385,54.00108739585925,6.25981577882574,1024.3459287334367,0.09177731621409536
2021-08-25,6.076752737646164,36.863552926509385,2.3545337609564085,1010.758586004206,0.0
2021-08-26,6.524650499503986,46.477758334123195,3.3990720140288384,1011.923009481129,0.0
2021-08-27,5.121349929661176,45.02622470624969,3.1196868162551867,1011.0173813049184,0.08149094184703788
2021-08-28,4.986849292676807,47.300361874404146,2.5589029520723083,1014.7830876253572,0.0
2021-08-29,5.986613863534469,43.41112080262444,7.024336590349575,1019.920933622904,0.0
2021-08-30,5.225012590315368,55.10175337596452,4.503687462467874,1012.7256693443946,0.11946991952511114
2021-08-31,7.492604931329254,44.86122988915008,3.6482166119979667,1010.933914858241,0.21634880918098115
2021-09-01,8.098048565081355,51.303283482422614,6.78717921646591,1010.3801963091145,0.23418502024779603
2021-09-02,7.844030673858921,49.43490237429989,2.508683734268806,1007.1440483228293,0.49567674544544177
2021-09-03,5.19949494031887,55.72788393121766,5.315894861963368,1017.3404991905591,0.0
2021-09-04,6.300716133743348,44.0826010321946,7.358839962405291,1017.1831799357888,0.0
2021-09-05,1.133647732401049,58.20877869208712,5.516351802847961,1005.8883892264255,0.0
2021-09-06,3.072307072297166,52.558991490615405,4.4237370945465475,1016.5589263404852,0.044246686364574156
2021-09-07,6.439340993455618,47.57707694143299,8.119262256543033,1005.3151664791028,0.0
2021-09-08,6.369499570676484,54.18470505823364,5.625267926027972,1012.0326805860483,0.0
2021-09-09,5.154378931085362,60.75443395982592,4.7430844717210565,1019.2427309376549,0.0
2021-09-10,3.730150646156627,50.68706877832119,4.645506767621202,1011.1022293967707,0.0
2021-09-11,8.371469116224535,53.779756661083844,2.9899706829474826,1015.4989914346385,0.0
2021-09-12,4.760028106092306,57.920619714562264,0.7037630435382045,1007.8341761235432,0.0
2021-09-13,6.182414280053955,63.16250294811512,2.6384760961630573,1017.6891105666743,0.002241571063493729
2021-09-14,4.731701760251315,47.79671584098783,5.933501300836871,1013.8055316112084,0.05890299459677657
2021-09-15,0.3055777711063241,58.44907319797312,4.887387187169876,1008.1560744456422,0.0
2021-09-16,8.507169401659413,57.819810717905966,4.771025908821598,1014.2581512440995,0.0005681442380222612
2021-09-17,5.6343879575965135,54.5644678465005,6.043212616120271,1016.0739160118666,0.0
2021-09-18,2.178662004879087,57.28365128824324,5.55839298502842,1011.1147439686362,0.0
2021-09-19,12.073478189150421,56.516368474717424,4.91954368647904,1005.5478844952245,0.0
2021-09-20,6.849715824835389,55.45038331532061,0.6213361096583938,1012.2467318098956,0.0
2021-09-21,4.659516166373353,54.01573391069573,7.778230904197617,1015.8669244623728,0.027832500532450566
2021-09-22,3.8613378677396817,59.360531464035624,6.9326115579416046,1014.0511571955104,0.0
2021-09-23,6.5772517249430225,53.2607764670296,3.8201566286259476,1016.6532324439761,0.0
2021-09-24,2.5058180790278644,65.98956731401385,4.864109759219002,1024.8011429282672,0.0985678588543998
2021-09-25,8.095120181255568,65.56739558499609,4.100329447891993,1012.7602532322538,0.0
2021-09-26,4.832807577234636,54.84947163242748,5.60512200457684,1018.461694380154,0.06255702048010972
2021-09-27,3.8266349855637083,54.796958163764124,5.5683985301170225,1011.6031407345334,0.0
2021-09-28,2.793057380560908,60.016652783724425,4.3131642718348155,1008.7639491102074,0.0
2021-09-29,6.95652379701599,51.12287453873475,7.160818455245318,1009.3010904695053,0.0
2021-09-30,7.357212142415817,53.64120829384204,3.1169086493685705,1014.273577683469,0.007887874612485912
2021-10-01,6.993586686221999,52.87604122483343,5.757000648756416,1008.8932529782901,0.012330872505022628
2021-10-02,6.878097724339881,56.16412952734788,4.2253731250863,1011.2620774354227,0.0
2021-10-03,4.959349747070588,66.47120234871875,2.963062428710926,1013.2209589082639,0.0
2021-10-04,5.4227251892535815,50.696179125204395,4.986125117588155,1022.5494528095451,0.12811663610739937
2021-10-05,4.4127210087068995,61.06307456143046,3.372693452360423,1012.2760623628734,0.0
2021-10-06,3.7886934947485615,55.15406013899833,8.013601457898886,1011.0346180210328,0.0
2021-10-07,2.6530182308726,71.17583198120155,4.06423715955657,1016.7800829793995,0.017187901946642645
2021-10-08,5.869730328099898,71.54711380183699,3.2618448280001764,1010.7088542314876,0.027784143025332983
2021-10-09,2.518352733900641,63.62298726112931,3.910667265890474,1014.5156479248614,0.09768529236447794
2021-10-10,2.9444396213067074,62.536908337249606,12.60332042993423,1024.5758531700296,0.0
2021-10-11,3.064388002460143,63.768419688962055,4.4747194409664175,1006.7213523942386,0.0
2021-10-12,3.6199367693109537,64.38662679774374,5.027969069718552,1010.1052882430407,0.0
2021-10-13,4.8991755311681855,61.31600015177434,4.682002324914115,1009.9581598120809,0.0
2021-10-14,4.496415708659202,58.27756904480136,4.339524213470911,1008.8259641823274,0.007070590800707585
2021-10-15,3.0789402550764096,59.726141324133074,2.827913666188482,1013.9962023106631,0.0
2021-10-16,5.052260135065014,62.508573335401415,5.314138925715617,1008.0977037721892,0.052608811587921106
2021-10-17,6.016074974804033,70.44993960194596,4.142630143290476,1015.5207057639838,0.15717021510830032
2021-10-18,4.668216029893831,68.65702115515512,6.55486786758757,1013.0757339281442,0.06367815428407327
2021-10-19,6.934009335890854,75.88013725641147,1.2680584827430041,1010.4026646370952,0.08040904570319739
2021-10-20,2.303487920883447,72.03779905849481,3.003030710139175,1009.5689024303948,0.0
2021-10-21,5.814012511238227,78.56501842126039,3.8015599788281036,1008.9974326220294,0.0
2021-10-22,4.6494745996134315,63.71173408305849,4.579998921779581,1018.2607673841934,0.0
2021-10-23,5.1624828735210935,68.07815728479525,4.980463572988029,1015.8402238347384,0.03396847309009332
2021-10-24,3.4854556649146486,72.23376894085962,4.276655085291297,1023.7685975391983,0.002010488427009835
2021-10-25,6.082450951403003,65.7028147185958,7.088002372391051,1019.2579248481643,0.0
2021-10-26,4.896886988076745,68.00538598968843,5.262108898434923,1008.6045199386687,0.03732594144235149
2021-10-27,5.520479418942598,61.76501551055058,4.417106174742333,1012.916732055286,0.0
2021-10-28,4.4079753266616555,70.69690618608807,4.4602377328600715,1019.3356547031003,0.0
2021-10-29,3.3852415245748593,71.8928521498305,1.5174279066051124,1009.01259778465,0.05296104702414528
2021-10-30,4.4002676843190365,68.84872373308124,5.004706528981644,1005.486748182451,0.10567706409716106
2021-10-31,6.825088636890577,65.33886305929668,4.044890717961215,1015.9619513620632,0.01842166813945513
2021-11-01,5.177675724137788,72.85489944912374,7.161893339709774,1017.4468795407763,0.13576981869004862
2021-11-02,4.717898107802476,85.70668999404757,8.467798189754088,1015.2473846629056,0.0
2021-11-03,7.064744994426061,71.39409485525599,5.784748655318251,1009.7275674740752,0.0
2021-11-04,7.835454993768989,68.98106771915141,4.486196848544637,1016.4378541563166,0.05014335013694407
2021-11-05,7.782543758272953,68.61640855370817,4.2932662225693115,1016.7147548830417,0.05583353573005366
2021-11-06,7.334366139339449,77.23251353298821,6.337124684771734,1000.2907532164672,0.12376236645567872
2021-11-07,7.006904752172057,80.9708643312191,6.8944485425874555,1012.8535279821255,0.0
2021-11-08,7.658171506902232,69.0260525219141,6.1822467886635994,1021.7395100468158,0.0
2021-11-09,8.925284152047453,64.97589562984632,4.994070497123355,1004.1147819681174,0.0
2021-11-10,4.176176757166533,73.07675988417196,6.271283405560015,1008.8990018507459,0.0
2021-11-11,8.48796305469258,71.04013561595724,3.1338443182117977,1011.8061184157739,0.0731165749951007
2021-11-12,8.533743599890016,64.83670429391168,5.803809888987768,1013.5373497494413,0.0
2021-11-13,8.309210461450432,72.72415186446803,4.189787421077077,1021.726422863438,0.08271707135946006
2021-11-14,4.369810374413284,65.63353601576112,5.1564718574650374,1006.9041514668544,0.0
2021-11-15,5.355978533429835,82.37579651733533,5.82454454332214,1015.6869837343841,0.0
2021-11-16,11.226830160552684,77.72572211644837,2.9699276299655635,1013.1898451577313,0.01996631517138152
2021-11-17,4.424787014373257,70.96551554341093,1.4755422049182436,1017.152586845213,0.0
2021-11-18,6.570116264004412,78.23441811471709,7.645702427220137,1011.7558525953439,0.0
2021-11-19,5.012197716642105,75.58390296403121,4.930095955224531,1002.7680343187594,0.0068157378225931625
2021-11-20,11.535975341118508,73.37674913827291,5.363383876610208,1015.8903288279782,0.2649774816329911
2021-11-21,9.193592145446303,68.81123922744247,7.2779476213325305,1017.914206099087,0.09099620486342462
2021-11-22,10.341122621343766,73.95529251234217,4.197941206305104,1009.6654466267996,0.013245479741889055
2021-11-23,5.649841766546942,79.54004961831795,4.791902378662042,1017.4061247322696,0.0
2021-11-24,10.471161839516787,66.1060585958483,7.6406724492935005,1014.8181949464873,0.0
2021-11-25,10.180888151585565,80.08787770764488,5.142017610376059,1010.5323407475248,0.0
2021-11-26,14.412533920243334,76.02370446553772,6.268038319793693,1014.001646649539,0.0
2021-11-27,9.14472833985241,82.63732111661244,7.097761032835985,1015.8430541635545,0.07875035762327513
2021-11-28,10.716759670198913,82.81366252740789,4.437575140641876,1016.3038878777816,0.3074580787792603
2021-11-29,10.069644984573548,74.15542230403,1.8564985250136359,1012.8607580974665,0.026603630813251553
2021-11-30,10.093027955009934,73.58823262106955,7.185749686430876,1005.7218029262675,0.0
2021-12-01,6.508862460541709,72.7178726557769,0.3735961326058659,1011.4192921212514,0.0
2021-12-02,12.62048713352909,76.99554179880433,5.5208750233687285,1009.6408718613458,0.004511200888315359
2021-12-03,9.696371394244752,82.25970555541659,3.326457914694023,1021.0636429737605,0.028077352694154886
2021-12-04,10.694983902366216,72.31714230986844,3.580520086802693,1013.7918228700274,0.0
2021-12-05,8.715802842096323,70.41503300174118,5.32472607476407,1012.9485434183314,0.16554325726465807
2021-12-06,15.50976215267821,78.24786408839748,2.7177085010714848,1007.6191261831715,0.0
2021-12-07,9.333561381437727,78.76538505454201,1.188364250400145,1010.159571398564,0.10631906711720439
2021-12-08,12.76012307020219,77.25929226937811,3.074217099957427,1014.1826586721572,0.0197456794620616
2021-12-09,13.11716430745977,74.35562151772565,3.947513318454484,1013.9104988940478,0.00405054441038287
2021-12-10,11.020605431089185,83.35512405054348,3.984916189365987,1014.5991612153819,0.15167794817733204
2021-12-11,12.955949577968127,78.84442785501045,8.093343676424839,1014.0720300663049,0.30796267760286133
2021-12-12,12.875227925603138,87.01214628366235,4.1573573522687886,1012.3862100243203,0.00665950776422547
2021-12-13,14.396717277278789,77.39100833446044,6.199973486324684,1009.1580834035116,0.0
2021-12-14,12.775128509551989,82.94538903129911,1.8106743314197162,1010.3628980209203,0.0
2021-12-15,8.86377684092357,87.39609276912208,5.795996646590197,1014.188898167263,0.0
2021-12-16,10.535693623797838,88.60305828048112,5.236730064663106,1010.6556154997045,0.0
2021-12-17,12.576414239553763,77.80555785638151,5.472450979136567,1009.237088578316,0.024759569037553733
2021-12-18,14.250211684533811,79.50422310647967,5.722849196298507,1016.2135105671928,0.03616621935655977
2021-12-19,12.238788756401956,75.81695664868361,5.619407178743319,1006.2914752828798,0.026560995985172225
2021-12-20,15.625562916889308,77.34348236598792,6.815644250763073,1018.5845851193571,0.01985120406081127
2021-12-21,13.11241218406999,76.93457843116832,1.0129974300146527,1012.7641706617338,0.0
2021-12-22,10.929577124800733,83.73023141676823,5.009318504695049,1009.9417867371036,0.20325944433226723
2021-12-23,15.875655747760858,91.28505487392141,4.653299583245601,1019.1562677979665,0.0
2021-12-24,14.499226784998218,74.44078650599148,4.377245037474648,1013.4528318374795,0.0
2021-12-25,13.642185185512664,79.1118990565372,4.3823941813095,1013.9933648507483,0.0
2021-12-26,11.908686519457156,79.10463696127457,4.8336251307793106,1021.3816404093049,0.16172962449675954
2021-12-27,14.56602363861918,69.70644653990838,2.4866397436637557,1017.6980719675372,0.0
2021-12-28,15.389258406384297,77.50235732610906,1.615197831678112,1010.6659948863894,0.2553774864235058
2021-12-29,15.404059879375698,86.53947103171073,4.4645044049376175,1014.065881318832,0.06152411139922842
2021-12-30,17.20767376419232,74.41749885795824,8.179200652883779,1015.1221640414257,0.013173541811142983
2021-12-31,13.29695483119243,82.11092303984546,9.018437122349752,1010.550926343707,0.17191083434963556
2022-01-01,12.529996674623986,82.55618452909081,9.110041490110977,1011.4096127102378,0.0
2022-01-02,17.12724675620593,83.91092468639907,7.29286402773569,1013.3599259746801,0.0
2022-01-03,17.439358451129568,80.43364771559136,6.839118752944277,1016.0587349240852,0.0
2022-01-04,12.05624657898756,83.70810409510439,5.6005686472416025,1023.5530426679401,0.04821335834383815
2022-01-05,18.720624825982338,83.48561039528163,4.75809351878178,1015.8984331250638,0.0
2022-01-06,19.68447391579606,72.61259415461498,4.09943633037374,1005.9038295959266,0.0012393460701545927
2022-01-07,15.370055733663754,87.59432702172785,6.527493695606129,1016.3552386733895,0.0
2022-01-08,18.250451173920204,66.22924749655658,5.9022815797143995,1016.0008343912615,0.0
2022-01-09,16.292549368076834,79.93674998233242,2.5307947521392853,1013.6237171032517,0.1420404627177272
2022-01-10,15.469075125336879,80.52325436664428,6.604877820368787,1014.4450294619768,0.08231558278804284
2022-01-11,17.54655438705802,75.7717270628284,8.16146923195322,1019.6611753228582,0.10855364942019828
2022-01-12,15.032796936258421,72.74703796473395,4.595237572561855,1005.9540760922192,0.0027367288660353206
2022-01-13,16.906755776672092,78.23910573773114,5.29180503135826,1007.9133046909508,0.0
2022-01-14,19.379743762193307,76.68131369871317,6.451510688382427,1026.3136335685904,0.23889022353756917
2022-01-15,19.534252333411683,78.52832732481943,1.3368080895602366,1020.5317068807011,0.0
2022-01-16,18.006509431483813,83.6809943798753,5.2610480517298805,1004.6771337451618,0.0
2022-01-17,16.849557933983164,77.33987151881811,7.069241464007265,1016.4845709587358,0.0
2022-01-18,20.719844800160075,76.98117748792775,5.849805344699746,1003.5925810073433,0.17525503672593995
2022-01-19,22.40390926467504,85.76772290252488,3.162186696809668,1009.1984610160317,0.013269190558201999
2022-01-20,21.596146952537616,81.64739955223102,4.795125931573432,1009.9009761258633,0.20806381352354786
2022-01-21,21.192300474112145,77.92548515915983,4.326731163973091,1009.8946845842829,0.08295242707038479
2022-01-22,16.750187908559422,88.97397804210485,7.273185715431373,1016.54259970414,0.17779774523444336
2022-01-23,22.854882864453703,74.27223552753117,6.338461874389896,1012.0711805070611,0.01552421263253674
2022-01-24,20.307315441850076,77.65943120903611,4.649267289805064,1019.1079157063799,0.0
2022-01-25,15.753638449103192,86.04903064827828,2.6104401917500453,1008.647811603021,0.0
2022-01-26,19.871977212028884,75.71151144696782,7.41224924352434,1020.2643888275853,0.0
2022-01-27,21.348158339211583,73.5843912073782,4.115347501665089,1012.9805219050246,0.024763621782749712
2022-01-28,19.765074187616325,82.4457124406481,1.771078054600205,1011.9570033888778,0.1510494544519404
2022-01-29,20.537938360499602,79.1068388232729,4.455403390118497,1012.0720558880954,0.06988030848516118
2022-01-30,24.300952759477315,79.58953881708877,4.337633299652341,1010.1414048326078,0.027165152343375937
2022-01-31,19.999962001386557,82.42573969363781,3.7839407680478425,1013.6341279975276,0.28425698445062353
2022-02-01,17.74894219675091,76.90305812785819,5.350134917674886,1002.4077468267985,0.0
2022-02-02,22.075130952400436,69.95139480751044,3.1397243299343467,1016.0489445404726,0.0
2022-02-03,19.004484596040374,74.30949923803662,5.217294249426054,1016.3416949318024,0.0
2022-02-04,20.542502559344403,70.19287787796304,8.06797644201617,1012.8175187662735,0.02517078363174051
2022-02-05,21.85216924124364,73.74562208944943,5.192958285210471,1007.1258994950247,0.0
2022-02-06,23.86331968374692,70.52976891105843,5.156073339911937,1007.3340044552094,0.02740084223071035
2022-02-07,20.94062265850706,80.29200545262228,6.725414868139252,1009.7623098715709,0.0
2022-02-08,19.782648789869082,76.59255183882784,5.9896545629399025,1006.814710567203,0.0
2022-02-09,20.52474768418753,84.22552490513438,6.296080869110691,1011.0898093941702,0.06182788547911755
2022-02-10,21.861293383586553,72.82149536211423,5.715350150042186,1007.693122479505,0.0
2022-02-11,21.287156718461958,77.06959561454768,2.9748281493240722,1014.2249260354406,0.015271961087131206
2022-02-12,24.468334622952835,77.50445810520341,8.57312245930203,1015.503810087948,0.1459573603466704
2022-02-13,19.843149127194295,68.14420863388804,5.106864881364918,1010.683820723434,0.305893698611096
2022-02-14,25.25399175794753,72.79042615712135,4.4590388379921695,1007.1253731633058,0.05317405087150405
2022-02-15,21.17747350577592,73.80249618998316,7.2809193478811824,1007.0680899965915,0.0002847071530425044
2022-02-16,24.506360427790646,72.98143310988561,6.460935437385588,1005.7348310142432,0.13693138946945888
2022-02-17,21.152256270874943,77.08465384944564,5.408637181232232,1003.3964720053503,0.05507339075030378
2022-02-18,19.99923877161533,70.74688627125398,8.103472823351735,1015.130726106329,0.06872851141944276
2022-02-19,21.712990025866237,76.32639039950818,2.480201275903558,1017.8678839759408,0.0
2022-02-20,21.111752537901868,74.7912497841566,7.997568587833779,1005.1918679442686,0.005227991374218796
2022-02-21,22.18233681154932,73.03198668101608,2.9811988394971367,1007.8156641943783,0.0
2022-02-22,24.379875823481488,76.49796515593685,4.02544569075859,1014.0839745861824,0.0
2022-02-23,24.50723854744463,68.77642227096617,6.7435169917956586,1014.8725014362115,0.05808734294098998
2022-02-24,21.670630657388756,76.70571282181062,6.639557447364584,1006.9504310274572,0.03281753577128335
2022-02-25,20.569142131458104,71.52090387546211,5.563349114960983,1005.3711124406723,0.0027493838590445935
2022-02-26,23.433033456786628,73.77619954294221,6.203966897796468,1012.5438465089367,0.0
2022-02-27,21.67976761820263,64.42003934164444,5.840283244423388,1015.7874339795245,0.0
2022-02-28,27.825282993901943,70.08466724527688,4.087644736350498,1012.0057219069874,0.0
2022-03-01,19.58910439876736,69.35557272116681,3.3150110058171016,1012.1269317342509,0.0
2022-03-02,25.657444280109342,63.68973938795783,4.072849219320145,1017.4675568147941,0.05557496627482934
2022-03-03,22.4610051965468,69.44875074361293,4.186722060193132,1012.6037113725163,0.2829536402931507
2022-03-04,22.383279153016197,75.2912940163477,3.9397511011148696,1005.9458919894201,0.0
2022-03-05,25.308166905379508,67.97040965481635,8.011506477515017,1010.0223306284717,0.0
2022-03-06,22.798467596895037,84.82955452697658,8.399049223868326,1017.309664305608,0.14734212248038142
2022-03-07,22.902380498347807,61.767511008243346,5.312286249077615,1010.2160512781834,0.22296811881740697
2022-03-08,24.867058869475084,67.70926822564427,2.3356252166863083,1015.2577780253685,0.025402101208791328
2022-03-09,27.001837268569016,73.67187047278955,2.7276702914865654,1015.5265030571359,0.0
2022-03-10,25.88725872484272,63.00302555236975,9.140393695148461,1012.9609863191558,0.11062600193929435
2022-03-11,22.03716101672115,79.92621187041941,6.747462091321353,1001.2558129004244,0.0
2022-03-12,25.34459277838813,69.12647170395763,4.214065236848422,1014.9954317513043,0.497570618530834
2022-03-13,22.61892572133121,75.63627045577812,5.399569242838848,1017.7067395325521,0.4555294182824425
2022-03-14,23.114295768444766,72.82168393037414,6.746410509008122,1017.6022909748383,0.0
2022-03-15,27.34802313143277,58.966913858711266,9.022486372315324,1011.8224834283308,0.5434585688797914
2022-03-16,24.81832257870844,64.67854523224185,3.8428016450829965,1017.2163171478339,0.0
2022-03-17,20.49021469795869,59.434485263263234,2.0350480785147522,1013.2009525788515,0.018082436930506082
2022-03-18,25.029935670872305,65.5294463252877,2.5299274812466312,1017.8604779309538,0.1565500123183466
2022-03-19,21.814314430057205,62.373286159962504,5.1259187105278095,1008.6417739361459,0.0
2022-03-20,24.242872244382145,65.80063277775817,3.5440931965434364,1015.570236694578,0.22824329976542823
2022-03-21,22.96912938409732,72.71931332793633,5.057512475427372,1015.7648192469777,0.0
2022-03-22,25.859743932722175,59.63675074045163,2.241237557896808,1015.3976258314309,0.0
2022-03-23,24.82815654325117,55.54921195331838,4.939733387044747,1012.6763580769231,0.0834172397363623
2022-03-24,27.213189711112204,65.03194366171073,1.5604926771357004,1022.7138205637524,0.0
2022-03-25,25.356755463565985,54.26161665878581,5.485779645566541,1010.9958264486603,0.0
2022-03-26,24.267581865357897,60.49341668110199,4.769181974367059,1021.8132220516097,0.0
2022-03-27,26.786959278038804,60.515557902574045,5.217630541828426,1005.5229456236987,0.0
2022-03-28,25.598814270983027,58.3340221826782,6.267361838930258,1012.633206437841,0.19164995069558388
2022-03-29,23.40821814252494,53.91517808603197,5.298943517116812,1016.9431466653286,0.0
2022-03-30,22.74800661891377,64.39214565674901,4.3748968155720505,1019.2778761120666,0.06974825116239625
2022-03-31,26.41342933718518,60.32076576799683,3.8255628719509582,1009.7857435051872,0.0
2022-04-01,25.932323201720582,55.89142969349154,3.6112783318099244,1009.3011872075684,0.0
2022-04-02,25.976547768963844,59.20198436283158,2.156192729442176,1008.3199525072787,0.0
2022-04-03,22.53794080773628,56.014364956538294,4.162042017425948,1014.418242251242,0.0
2022-04-04,23.05454301376391,54.00084118965826,5.8133144939152785,1015.4173586304287,0.036425734028852255
2022-04-05,22.987682534665144,52.89849725229668,8.046013712513613,1015.9276499774286,0.0
2022-04-06,26.9787924295922,58.49043538964677,6.002498792578864,1023.5600981181004,0.0
2022-04-07,23.98868543264466,55.416709997511695,3.3082174112063094,1014.3290821398034,0.0
2022-04-08,27.662446491875798,53.326613554966926,6.98780447169567,1016.2813533047845,0.06915445436666863
2022-04-09,24.321655853518283,69.40441754137171,5.65559762571363,1006.0301521103909,0.051231922717823536
2022-04-10,25.241092577006032,51.883026382962214,5.213440985903915,1008.4405935072799,0.0
2022-04-11,25.24034340093901,60.64887888200374,4.692686491530448,1012.5520977796019,0.026826179138432174
2022-04-12,25.619161897724318,53.80058352790565,8.559118168414763,1012.8471377781502,0.0003728532502833698
2022-04-13,26.887831741142893,61.7130194544213,7.341207869606437,1014.0397138154145,0.037340743993360834
2022-04-14,21.28344176997438,59.18120911367403,5.060772262929765,1016.8250098869225,0.0
2022-04-15,22.417240390074443,55.98627707711998,3.2080914178523194,1007.5572346695411,0.022393380077509767
2022-04-16,22.49836049527724,59.985802239941926,5.353784892104737,1007.5599272929168,0.14286094918730313
2022-04-17,23.123487585594344,41.892581862367884,6.780937089774641,1009.9611002268683,0.0
2022-04-18,25.59473710220874,63.86452876232018,6.107562388853222,1010.0625926633622,0.0
2022-04-19,26.379757756253976,59.11398915129531,8.573927224847697,1016.2194475932146,0.09004948518189333
2022-04-20,20.020540522678186,53.15116164169098,3.8252498669015518,1019.6243413573936,0.047336986221410735
2022-04-21,25.04424147735748,60.19289055849415,5.140380229887562,1016.2706706116093,0.0
2022-04-22,25.783129524220858,58.974123820678635,6.054777055130014,1018.0335196196116,0.010138694959174653
2022-04-23,24.038113490145612,52.34805587418578,4.553791083374015,1012.5278118026467,0.006216641182878201
2022-04-24,25.715238180420968,47.4101878523044,5.250349223392569,1013.3657635658675,0.0
2022-04-25,20.731709113316427,62.69187897035728,6.009302564880751,1019.10400092146,0.0
2022-04-26,24.09938340907476,51.24972005605483,4.8082570998979985,1014.9771848196515,0.0
2022-04-27,22.80523301085455,51.222263757224106,5.080426367741745,1011.4252450505732,0.0
2022-04-28,20.921979496970216,56.71097506415208,3.0922780764916666,1008.7519298901708,0.0
2022-04-29,26.146922043995083,48.12571008149894,4.655089652820875,1010.3905669558324,0.0
2022-04-30,19.14491395433306,38.27484110476551,3.568270145352983,1017.4169842122803,0.0838548008262159
2022-05-01,23.6276053113191,45.520807996381826,4.115552020759829,1007.5039706227024,0.05272796036356582
2022-05-02,22.754708948165597,46.18501649962577,6.7839351639957925,1015.3193638261426,0.03986909270525822
2022-05-03,21.563806494873162,49.8964739500966,4.991346992832386,1012.3094628048292,0.09119916492704906
2022-05-04,23.048506663014308,42.06841939103157,1.5716706251349097,1012.7517921461107,0.16099110672893285
2022-05-05,23.60166195950666,50.056490941365546,3.4639226958575517,1008.5812954799492,0.0
2022-05-06,20.15818090512077,59.28775313559615,6.517659098046203,1009.4503487946521,0.0
2022-05-07,24.093742555508413,46.15033949124723,9.251839934319673,1015.6501009551655,0.006018813659808421
2022-05-08,21.00044967438386,47.287963686370944,1.6992432087056697,1000.3074443697269,0.0597605114725369
2022-05-09,23.00546453545384,46.277678465198775,4.590554868418627,1017.7697204211559,0.003205553289543306
2022-05-10,25.147221350100978,46.87359639213634,7.862886494193157,1016.1829338411815,0.07663808230019743
2022-05-11,24.057052498214713,55.77488011418338,6.751628187418913,1012.6757895999707,0.0041984274384822
2022-05-12,24.48015070945522,47.9968507703209,2.374063332001633,1012.1976164697386,0.005349813745056629
2022-05-13,25.409715066887944,43.136314700431605,1.503512468897172,1012.8052615866721,0.0
2022-05-14,24.342723143033975,48.95819713544856,2.257567012918654,1013.9942642128228,0.08914489311286862
2022-05-15,25.09737995756331,46.812111285431,4.834814946811106,1015.3796096957477,0.0
2022-05-16,24.12402080919251,40.51781436600135,9.771243264684879,1007.1052788893919,0.257745419632659
2022-05-17,25.564789724816833,46.750313024855025,3.8827075834785445,1015.3430881041534,0.3178715482725645
2022-05-18,21.00865719629864,50.15269203713694,3.4906950244046113,1010.3251142866858,0.09146063873817432
2022-05-19,19.951864858020343,46.26986481754184,1.6759188536956704,1008.0289965112,0.05808435341631249
2022-05-20,25.357001620208706,40.19750776028169,6.281896893642595,1017.6334561276227,0.04611190297428351
2022-05-21,21.10796443453681,46.677363024890674,8.269196932981462,1013.2411417304174,0.0
2022-05-22,22.747285465600463,39.47741708594197,5.693958039790163,1014.2601549429506,0.009477567133789597
2022-05-23,19.654125880949294,47.132449084200665,7.060956762637321,1005.77605929143,0.0
2022-05-24,19.744163721475328,49.607418173240376,3.7454018773708793,1020.6699783760171,0.08768544387033243
2022-05-25,21.4279299474627,48.310071424972634,1.814637089774569,1013.9927978646583,0.00249706962065456
2022-05-26,21.428295720694532,44.51859634599716,5.48778472106549,1018.0282508123834,0.0027089609874819814
2022-05-27,23.60593999911044,42.75243263990437,5.875812160817089,1017.7809396075174,0.0
2022-05-28,18.500331004651315,32.89361219652731,1.6141771032287764,1013.2118056993851,0.004311845526469113
2022-05-29,19.068337678952993,47.58051200639437,3.7068522157884645,1012.7869709214559,0.04427457314150339
2022-05-30,18.57669575457098,42.58654091752471,7.364204185532689,1005.1467270315876,0.04880782491111797
2022-05-31,20.12141237365015,47.93011006008306,2.466300335188811,1011.3253130429644,0.20377232024420117
2022-06-01,18.93354791475039,36.41241840880144,0.8569528251787526,1013.7561821882997,0.059242029732876386
2022-06-02,21.101229240029497,43.26560132368398,5.714595340194416,1018.7598219543514,0.009187609801212415
2022-06-03,22.76420854308939,49.47641467115267,3.4286672148660955,1010.1887418745928,0.02319037133197885
2022-06-04,17.726840382872947,34.50712939146072,3.966452755038572,1010.7490626209201,0.041768226502307715
2022-06-05,19.313411952482376,43.46855463424462,9.016883112423143,1013.4789042354951,0.0
2022-06-06,22.113729441592426,38.55572084272971,4.961721908358114,1014.2712373650331,0.0
2022-06-07,17.70694179890659,40.44994003442712,9.241924810697878,1008.8385469630939,0.047704286307431135
2022-06-08,18.98726393221816,52.12271322187779,4.444827503869805,1014.4992861077645,0.0
2022-06-09,19.32488283393397,40.43265154624357,4.5208298680027665,1020.1011440635738,0.0
2022-06-10,17.0745431513312,36.98311182687259,1.3383131466449858,1005.341040179805,0.0
2022-06-11,19.715346106118215,44.441384136831026,4.518625694651793,1016.0921085442756,0.0
2022-06-12,20.975610829346593,44.99349947869075,2.9561163944123034,1021.0081682422122,0.14744763078571926
2022-06-13,19.26648566507457,30.359414786514165,5.390133845466463,1014.8050118286762,0.0
2022-06-14,18.479902192130826,41.78511025428323,4.813822003898947,1019.5182787744894,0.12438141834979634
2022-06-15,17.52323088101989,39.596662474226065,7.068210758634141,1011.5377018810516,0.009032847646829142
2022-06-16,17.470135711121028,36.47851053765419,3.2038977682173484,1018.6789940567903,0.18701245772822234
2022-06-17,16.916728175396212,37.8155965666654,2.5673918813091596,1012.4510918579495,0.0
2022-06-18,17.627053100550523,42.17095442742988,8.190021539435724,1016.7562063304507,0.0
2022-06-19,18.018948146905082,36.37692475289586,6.491009199820731,1015.2701458692919,0.0380803490220447
2022-06-20,12.762898279011544,46.26850297835536,5.695130311614843,1014.56273662683,0.010073749963546083
2022-06-21,15.782279585382472,39.6233968023561,6.268680481450549,1018.3530302729389,0.007839445739378094
2022-06-22,18.558704729261077,40.3239407778619,4.756651384426089,1013.7159687099977,0.1390538309658414
2022-06-23,14.506149974942348,40.33436675119694,7.240928299718097,1007.3506138530308,0.1738989926698431
2022-06-24,16.777555351358025,35.79044248386238,2.661155808506033,1017.6534071036565,0.09132158995995183
2022-06-25,15.614105176859912,38.210894032822054,5.000681915867364,1012.6889759967005,0.0
2022-06-26,16.55086958839489,33.313742390973225,6.312607901513553,1005.3082669857164,0.056217419446207534
2022-06-27,13.882070339420002,45.28301672005149,9.579255705198085,1011.7872187024886,0.04460163184338793
2022-06-28,19.58230230907183,42.02726650007063,7.491637758571308,1022.4295909578088,0.0
2022-06-29,16.21416053532222,42.83995334441992,6.57901509281152,1013.7808752863,0.056207606581852115
2022-06-30,13.414721731876226,37.31003750880768,7.974721059606161,1016.2845102578485,0.12381929296322268
2022-07-01,16.160139064236215,38.56656477670189,8.268811289839803,1015.8561331550428,0.11509519855161172
2022-07-02,14.557376308977574,41.83131377712398,6.676351853968364,1011.8732592592481,0.12986399160300593
2022-07-03,13.207151232146433,28.158550563278702,4.478880311905751,1013.64478525296,0.0
2022-07-04,14.755667529426054,32.75484476844109,4.0614805710903665,1014.7251457242284,0.38225853695554596
2022-07-05,17.46855431441169,39.11153222525764,4.64643457334701,1002.0037297733614,0.2848535910791589
2022-07-06,12.695836164039353,35.8007262208101,4.018866492354215,1014.0181293411323,0.11286947681657537
2022-07-07,13.369896414121548,38.538051425060125,6.626072755987921,1009.3185145505231,0.057052987892485627
2022-07-08,14.27363538031031,38.84241348871816,6.316839855403089,1008.0707932080011,0.0
2022-07-09,15.025445593984559,40.49570949751494,3.252738734908099,1007.7112305006376,0.0
2022-07-10,15.76549387913203,30.784400391165512,5.32938240925331,1013.6289370414993,0.0
2022-07-11,15.513186531481168,48.96216651909816,7.613212046913663,1015.2480839574756,0.2278305273295867
2022-07-12,11.79543521132777,42.98490061658085,3.6022725158699718,1011.1467316522993,0.11398486779439777
2022-07-13,12.002874360156603,45.78670067472853,7.954925573306137,1011.6244563810488,0.1449850488654063
2022-07-14,14.651614290709974,36.94306686244745,4.51035887711,1006.0464936874921,0.07690350245545842
2022-07-15,12.745969762102684,50.48609864291042,4.25366337403472,1013.7051836577427,0.0
2022-07-16,13.3816591177385,38.89068401095674,5.159362556333804,1017.7688962795802,0.01624145791862873
2022-07-17,13.506849055141055,40.478338740158286,2.8858714170530098,1003.8765346839093,0.0
2022-07-18,11.975623358906555,49.22925627898389,4.3578161772305055,1015.6080913477523,0.14967736590633673
2022-07-19,10.329979010035661,39.20974855914384,6.537935480925178,1016.0324883426472,0.38260821244809845
2022-07-20,8.545578332829669,40.37019436992283,4.727893690679813,1009.5945470099492,0.03613969116783591
2022-07-21,9.195779384840284,41.051081026261144,6.400714674354364,1011.9236338272974,0.01148793271678028
2022-07-22,5.414743250990794,47.90061245109979,3.8014115828220785,1012.2137717884435,0.0
2022-07-23,16.717506870470707,41.353873973651126,0.517102064389813,1011.1998513358807,0.11270799794213741
2022-07-24,11.837387699248088,42.15321357129985,4.708772598758518,1011.4721674693421,0.19901439525489167
2022-07-25,12.42167582185892,47.38237076354024,3.8905343883372803,1012.3819961928652,0.0
2022-07-26,5.642450415693417,38.492201220179766,4.035691110440974,1012.7851068166991,0.050259537292216036
2022-07-27,10.071930848923431,41.72411745619091,6.038538377198904,1009.6370845116523,0.0
2022-07-28,9.796707136398238,41.75721719501221,3.801263667777499,1010.1488812653722,0.3037937088924992
2022-07-29,12.140687214738533,39.7245199217788,7.137461716671498,1011.8306679469273,0.05870411811538827
2022-07-30,11.640427219506599,39.048775699432795,3.2103376325980904,1017.0954919575239,0.0
2022-07-31,8.17506969651652,43.34977326778823,4.966708288974934,1013.7046633535699,0.19683007141681086
2022-08-01,11.032768546418026,45.747475898310974,3.3564853598021487,1008.9089186089852,0.013990044742651517
2022-08-02,10.150075649471772,45.60611007362237,5.287520622433773,1013.6511048960787,0.0
2022-08-03,10.15212292966264,43.235069056239865,4.7510085647671145,1008.5414296180338,0.09475457798203847
2022-08-04,12.481285955545324,40.46376155806967,6.933350745680398,1014.2008982436373,0.0
2022-08-05,13.893983320268003,47.79471656023721,5.771657442099324,1014.7541141665852,0.014276791810541978
2022-08-06,9.439437715743788,54.668730213091514,7.03335423990277,1011.3464546209647,0.022174291533756857
2022-08-07,9.186362522234939,50.62181129332457,6.476838066733271,1014.7650598809164,0.0
2022-08-08,8.825340636407233,44.49425404104982,5.799013366155911,1020.7465563023393,0.0
2022-08-09,7.039744380599192,40.974867685120195,2.2189360347677893,1007.1603141636888,0.0
2022-08-10,8.463503111224002,49.713917409808865,3.845512896514088,1018.9856422623388,0.1470399126698126
2022-08-11,8.748421291464162,49.149623843759805,10.12781383520117,1003.666262415587,0.0
2022-08-12,8.013276393126125,40.96356010933173,6.35281736908998,1018.2860708209722,0.13380509156135395
2022-08-13,6.2297070794275395,44.443134236844635,3.8624737694017215,1013.1397189893801,0.00636436203970947
2022-08-14,9.11269544844005,43.354284106421666,4.851633609301336,1007.5732127888423,0.0
2022-08-15,8.485382621566291,51.44625042864046,9.91998169025669,1009.7975488203269,0.0
2022-08-16,3.6168327769206687,47.370080182914904,5.376227040036496,1011.7381101565792,0.0
2022-08-17,10.265059286936397,40.846457756457916,7.405022874272207,1010.3327181633347,0.03847102235426132
2022-08-18,5.726740251690888,44.165095379029346,1.525900891106248,1007.0477213385351,0.11215309630770125
2022-08-19,7.750853566533611,38.662098509308834,5.973607613193235,1014.3621444120737,0.0
2022-08-20,7.527088830164706,41.40345062304977,3.7462245120745017,1019.9947844131366,0.03260802596210438
2022-08-21,8.44726593622297,52.22641385759388,8.244114913607907,1017.6189182511727,0.0
2022-08-22,7.693341392242763,43.223864117788224,5.892863256149057,1007.2816099047901,0.0
2022-08-23,4.987652195575301,50.888468673334835,1.8428681541748184,1016.2128286107138,0.0
2022-08-24,5.99597241138615,57.314699340188874,4.730307898212667,1013.3407207908976,0.025545548977746677
2022-08-25,5.580865148137205,51.72390141899483,5.222687472387146,1012.4194080381626,0.03914579747206767
2022-08-26,5.495968088225533,52.48407097152021,6.609211448230945,1014.2741617267147,0.026347413600734268
2022-08-27,6.09163934672553,50.856622029618535,3.54990089159409,1016.1734570471924,0.0
2022-08-28,2.919102857819423,52.024509108239414,4.355487194001578,1005.6556706165667,0.3958599562129104
2022-08-29,3.757502927626866,53.492496990694065,3.061211929845604,1017.4984893437426,0.09885771641379414
2022-08-30,8.374553480081666,59.09972887127219,1.809874719740201,1011.7251889578994,0.04401409979205238
2022-08-31,7.527343077172009,51.674886621695926,2.1596699205183087,1016.4358648355005,0.0
2022-09-01,4.85531717706754,56.867187482185955,3.4721870987222294,1005.3252094981407,0.0
2022-09-02,5.031437869556193,53.715959100498196,7.508529436435472,1011.2100379375453,0.10771511864706727
2022-09-03,5.018515061992576,44.83668295169656,1.2157999641985024,1015.8402914645176,0.0220907387288429
2022-09-04,9.53897774773955,58.35056936652286,5.913372400817284,1023.8308404119945,0.0
2022-09-05,6.162766463671726,45.55004903053223,3.8971371638580194,1011.2496348596355,0.04028855927583089
2022-09-06,7.687640159992418,51.431030886343734,5.501096386921516,1022.2243054160145,0.05197274548888019
2022-09-07,7.672385130933209,56.717446434209606,1.3745956497001668,1012.3769099137089,0.0
2022-09-08,8.283013361218632,46.95264009024283,2.3498563763291105,1022.9278128043788,0.0
2022-09-09,6.542755717161774,48.787792493405775,0.7669276468808999,1011.9246848714068,0.0
2022-09-10,9.233562757395244,49.4985745497017,3.6229464110485314,1013.809109471956,0.0
2022-09-11,6.630241060717211,55.410444057218115,5.868166029294624,1012.6119601740852,0.14921466879399647
2022-09-12,4.8060055005468385,58.47507085250782,6.611338253680631,1011.484239698769,0.0
2022-09-13,6.960713138436045,67.26996909285754,3.3627854498405725,1005.7742441939859,0.014464927705528013
2022-09-14,6.150416313603378,60.46865761412445,1.0390928929916652,1017.6018761786108,0.0
2022-09-15,2.0027176137118547,53.89072062580675,3.5578720064383873,1003.2955878590471,0.13547047922991667
2022-09-16,8.98752527188809,56.08982591775446,4.000816891125386,1002.9114978285837,0.23216051386353553
2022-09-17,3.163137383749181,52.964060827070895,9.256790965076288,1011.0537960259788,0.0
2022-09-18,4.501095427622669,52.089959071568565,5.545516574037494,1016.1840555053572,0.0
2022-09-19,8.502359567300406,61.30785210333655,8.218089951772958,1013.7150833714728,0.0
2022-09-20,3.5406642557340104,56.298285124008224,8.470372420063853,1020.1016283164827,0.0
2022-09-21,5.239888932234839,48.64972372201816,1.3631785867715256,1021.8582833389619,0.04706922887347101
2022-09-22,4.750284300368926,63.052354116103615,3.8853233907456364,1006.6241851971474,0.0
2022-09-23,4.655110938204485,53.713295634772784,2.212461098928867,1016.693526588973,0.1973185524974072
2022-09-24,7.302818131895988,63.34889669345158,5.1107097020064165,1011.6467304411051,0.06287904123434973
2022-09-25,5.967178781362808,55.96186998389321,2.420537302914607,1015.9512950394352,0.2917025489392879
2022-09-26,6.377452329535675,53.02052553743514,8.552094196222589,1011.961573340378,0.0
